gid,role,role_score,cluster_id,priority_score,evidence
100000000011452100,consolidator,0.65,0,0.44162,Гипотеза consolidator: вход от 3 плательщиков; 1 получателей; вход 110000.00 KZT.
100000000018102100,peripheral,0.2,0,0.342567,"Гипотеза peripheral: входов 1, выходов 0; вход 7000.00, выход 0.00 KZT; сильные правила не выполнены."
100000000031787100,transit,1.0,1,0.336149,"Гипотеза transit: входов 1, выходов 2; наблюдаемый выход/вход 1.000; вход 90000.00 KZT."
100000000041368100,terminal,1.0,2,0.420782,Гипотеза terminal: наблюдаемый выход/вход 0.000 ≤ 0.2; вход 160000.00 KZT; вне границы обхода.
100000000076451100,coordinator,0.88,3,0.471244,"Гипотеза coordinator: связь с 7 seed по путям; входов 3, выходов 4; посредничество 0.00009."
100000000089154100,distributor,0.875,0,0.530399,Гипотеза distributor: выход к 15 получателям при 1 плательщиках; выход 425500.00 KZT.
100000000190228100,peripheral,0.2,4,0.400457,"Гипотеза peripheral: входов 1, выходов 1; вход 5000.00, выход 28560.00 KZT; сильные правила не выполнены."
100000000201868100,transit,1.0,5,0.434291,"Гипотеза transit: входов 1, выходов 1; наблюдаемый выход/вход 1.000; вход 190000.00 KZT."
100000000254336100,peripheral,0.2,0,0.434268,"Гипотеза peripheral: входов 2, выходов 1; вход 97177.00, выход 60000.00 KZT; сильные правила не выполнены."
100000000267734100,distributor,0.675,1,0.401543,Гипотеза distributor: выход к 7 получателям при 2 плательщиках; выход 282000.00 KZT.
100000000274067100,peripheral,0.2,1,0.409682,"Гипотеза peripheral: входов 2, выходов 3; вход 517704.00, выход 2969000.00 KZT; сильные правила не выполнены."
100000000287768100,terminal,1.0,0,0.371063,Гипотеза terminal: наблюдаемый выход/вход 0.000 ≤ 0.2; вход 35168.00 KZT; вне границы обхода.
100000000288317100,peripheral,0.2,0,0.456088,"Гипотеза peripheral: входов 2, выходов 3; вход 100000.00, выход 53500.00 KZT; сильные правила не выполнены."
100000000291906100,transit,0.825119,6,0.477168,"Гипотеза transit: входов 2, выходов 2; наблюдаемый выход/вход 1.175; вход 388000.00 KZT."
100000000291908100,terminal,0.887479,6,0.431245,Гипотеза terminal: наблюдаемый выход/вход 0.045 ≤ 0.2; вход 295500.00 KZT; вне границы обхода.
100000000297649100,peripheral,0.2,7,0.420998,"Гипотеза peripheral: входов 1, выходов 1; вход 40000.00, выход 70600.00 KZT; сильные правила не выполнены."
100000000299820100,peripheral,0.2,8,0.348863,"Гипотеза peripheral: входов 1, выходов 0; вход 10000.00, выход 0.00 KZT; сильные правила не выполнены."
100000000307908100,terminal,1.0,9,0.236628,Гипотеза terminal: наблюдаемый выход/вход 0.000 ≤ 0.2; вход 5000.00 KZT; вне границы обхода.
100000000331309100,coordinator,0.88,10,0.776904,"Гипотеза coordinator: связь с 7 seed по путям; входов 5, выходов 99; посредничество 0.00283."
100000000332284100,coordinator,0.88,10,0.518469,"Гипотеза coordinator: связь с 7 seed по путям; входов 10, выходов 3; посредничество 0.00010."
100000000343175100,coordinator,0.88,11,0.63887,"Гипотеза coordinator: связь с 7 seed по путям; входов 8, выходов 31; посредничество 0.00091."
100000000369781100,peripheral,0.2,10,0.336628,"Гипотеза peripheral: входов 1, выходов 0; вход 5000.00, выход 0.00 KZT; сильные правила не выполнены."
100000000375150100,peripheral,0.2,12,0.431879,"Гипотеза peripheral: входов 1, выходов 0; вход 300000.00, выход 0.00 KZT; сильные правила не выполнены."
100000000404740100,peripheral,0.2,13,0.365039,"Гипотеза peripheral: входов 1, выходов 0; вход 25000.00, выход 0.00 KZT; сильные правила не выполнены."
100000000408846100,terminal,1.0,14,0.373556,Гипотеза terminal: наблюдаемый выход/вход 0.000 ≤ 0.2; вход 40500.00 KZT; вне границы обхода.
100000000413678100,peripheral,0.2,8,0.485983,"Гипотеза peripheral: входов 2, выходов 3; вход 306500.00, выход 528198.00 KZT; сильные правила не выполнены."
100000000424935100,peripheral,0.2,15,0.356021,"Гипотеза peripheral: входов 1, выходов 0; вход 15000.00, выход 0.00 KZT; сильные правила не выполнены."
100000000425407100,terminal,1.0,2,0.3611,Гипотеза terminal: наблюдаемый выход/вход 0.000 ≤ 0.2; вход 20000.00 KZT; вне границы обхода.
100000000437046100,coordinator,0.88,0,0.697535,"Гипотеза coordinator: связь с 7 seed по путям; входов 9, выходов 42; посредничество 0.00199."
100000000440392100,terminal,1.0,16,0.390492,Гипотеза terminal: наблюдаемый выход/вход 0.000 ≤ 0.2; вход 105705.00 KZT; вне границы обхода.
100000000456947100,peripheral,0.2,17,0.0,"Гипотеза peripheral: входов 0, выходов 0; вход 0.00, выход 0.00 KZT; сильные правила не выполнены."
100000000470237100,peripheral,0.2,15,0.369671,"Гипотеза peripheral: входов 1, выходов 0; вход 32500.00, выход 0.00 KZT; сильные правила не выполнены."
100000000481716100,terminal,1.0,18,0.344924,Гипотеза terminal: наблюдаемый выход/вход 0.000 ≤ 0.2; вход 8000.00 KZT; вне границы обхода.
100000000489417100,consolidator,0.65,12,0.445344,Гипотеза consolidator: вход от 3 плательщиков; 1 получателей; вход 73504.00 KZT.
100000000490383100,coordinator,0.88,16,0.513817,"Гипотеза coordinator: связь с 7 seed по путям; входов 3, выходов 8; посредничество 0.00005."
100000000500040100,peripheral,0.2,0,0.3611,"Гипотеза peripheral: входов 1, выходов 0; вход 20000.00, выход 0.00 KZT; сильные правила не выполнены."
100000000507799100,peripheral,0.2,19,0.377965,"Гипотеза peripheral: входов 1, выходов 1; вход 5132.00, выход 8000.00 KZT; сильные правила не выполнены."
100000000533217100,terminal,1.0,0,0.378499,Гипотеза terminal: наблюдаемый выход/вход 0.000 ≤ 0.2; вход 53587.00 KZT; вне границы обхода.
100000000534581100,peripheral,0.2,8,0.425557,"Гипотеза peripheral: входов 2, выходов 1; вход 55960.00, выход 40000.00 KZT; сильные правила не выполнены."
100000000542087100,peripheral,0.2,20,0.346009,"Гипотеза peripheral: входов 1, выходов 0; вход 8506.91, выход 0.00 KZT; сильные правила не выполнены."
100000000552584100,terminal,0.9425,21,0.397199,Гипотеза terminal: наблюдаемый выход/вход 0.023 ≤ 0.2; вход 2500000.00 KZT; вне границы обхода.
100000000555721100,terminal,1.0,0,0.41288,Гипотеза terminal: наблюдаемый выход/вход 0.000 ≤ 0.2; вход 113000.00 KZT; вне границы обхода.
100000000557536100,peripheral,0.2,20,0.39702,"Гипотеза peripheral: входов 1, выходов 0; вход 153000.00, выход 0.00 KZT; сильные правила не выполнены."
100000000560751100,terminal,1.0,12,0.365039,Гипотеза terminal: наблюдаемый выход/вход 0.000 ≤ 0.2; вход 25000.00 KZT; вне границы обхода.
100000000561160100,peripheral,0.2,2,0.404968,"Гипотеза peripheral: входов 1, выходов 0; вход 240000.00, выход 0.00 KZT; сильные правила не выполнены."
100000000569479100,terminal,1.0,0,0.410047,Гипотеза terminal: наблюдаемый выход/вход 0.000 ≤ 0.2; вход 320000.00 KZT; вне границы обхода.
100000000572276100,peripheral,0.2,22,0.297626,"Гипотеза peripheral: входов 1, выходов 1; вход 13075.00, выход 34547.00 KZT; сильные правила не выполнены."
100000000580561100,peripheral,0.2,23,0.344978,"Гипотеза peripheral: входов 2, выходов 3; вход 27980.00, выход 1488077.00 KZT; сильные правила не выполнены."
100000000581662100,peripheral,0.2,24,0.291343,"Гипотеза peripheral: входов 1, выходов 0; вход 21160.00, выход 0.00 KZT; сильные правила не выполнены."
100000000581682100,peripheral,0.2,15,0.336628,"Гипотеза peripheral: входов 1, выходов 0; вход 5000.00, выход 0.00 KZT; сильные правила не выполнены."
100000000583220100,peripheral,0.2,25,0.447186,"Гипотеза peripheral: входов 1, выходов 1; вход 5000.00, выход 761255.00 KZT; сильные правила не выполнены."
100000000594783100,terminal,0.855313,21,0.413768,Гипотеза terminal: наблюдаемый выход/вход 0.058 ≤ 0.2; вход 2635000.00 KZT; вне границы обхода.
100000000596954100,peripheral,0.2,2,0.45894,"Гипотеза peripheral: входов 1, выходов 2; вход 120000.00, выход 48100.00 KZT; сильные правила не выполнены."
100000000600707100,peripheral,0.2,26,0.287455,"Гипотеза peripheral: входов 1, выходов 0; вход 89000.00, выход 0.00 KZT; сильные правила не выполнены."
100000000607731100,peripheral,0.2,27,0.308196,"Гипотеза peripheral: входов 1, выходов 1; вход 20000.00, выход 66666.00 KZT; сильные правила не выполнены."
100000000607941100,peripheral,0.2,16,0.430531,"Гипотеза peripheral: входов 2, выходов 1; вход 50000.00, выход 70000.00 KZT; сильные правила не выполнены."
100000000608031100,peripheral,0.2,28,0.368258,"Гипотеза peripheral: входов 1, выходов 0; вход 30000.00, выход 0.00 KZT; сильные правила не выполнены."
100000000611474100,terminal,1.0,29,0.369397,Гипотеза terminal: наблюдаемый выход/вход 0.000 ≤ 0.2; вход 32000.00 KZT; вне границы обхода.
100000000625169100,terminal,1.0,22,0.248863,Гипотеза terminal: наблюдаемый выход/вход 0.000 ≤ 0.2; вход 10000.00 KZT; вне границы обхода.
100000000627521100,peripheral,0.2,30,0.341259,"Гипотеза peripheral: входов 1, выходов 0; вход 6500.00, выход 0.00 KZT; сильные правила не выполнены."
100000000629812100,terminal,1.0,31,0.406964,Гипотеза terminal: наблюдаемый выход/вход 0.000 ≤ 0.2; вход 22000.00 KZT; вне границы обхода.
100000000634341100,peripheral,0.2,0,0.364318,"Гипотеза peripheral: входов 1, выходов 0; вход 24000.00, выход 0.00 KZT; сильные правила не выполнены."
100000000640800100,peripheral,0.2,8,0.483073,"Гипотеза peripheral: входов 1, выходов 4; вход 80000.00, выход 518135.00 KZT; сильные правила не выполнены."
100000000646541100,consolidator,0.65,0,0.401509,Гипотеза consolidator: вход от 3 плательщиков; 0 получателей; вход 25300.00 KZT.
100000000655469100,peripheral,0.2,32,0.3611,"Гипотеза peripheral: входов 1, выходов 0; вход 20000.00, выход 0.00 KZT; сильные правила не выполнены."
100000000656682100,transit,0.873239,0,0.434074,"Гипотеза transit: входов 1, выходов 2; наблюдаемый выход/вход 1.127; вход 71000.00 KZT."
100000000661131100,terminal,1.0,22,0.256713,Гипотеза terminal: наблюдаемый выход/вход 0.000 ≤ 0.2; вход 15600.00 KZT; вне границы обхода.
100000000661912100,coordinator,0.88,8,0.526961,"Гипотеза coordinator: связь с 7 seed по путям; входов 5, выходов 2; посредничество 0.00094."
100000000667713100,distributor,0.65,16,0.483464,Гипотеза distributor: выход к 6 получателям при 2 плательщиках; выход 79236.00 KZT.
100000000673868100,distributor,0.625,33,0.513409,Гипотеза distributor: выход к 5 получателям при 1 плательщиках; выход 383000.00 KZT.
100000000673915100,peripheral,0.2,20,0.361275,"Гипотеза peripheral: входов 1, выходов 0; вход 20200.00, выход 0.00 KZT; сильные правила не выполнены."
100000000703894100,peripheral,0.2,27,0.31846,"Гипотеза peripheral: входов 1, выходов 1; вход 120000.00, выход 35000.00 KZT; сильные правила не выполнены."
100000000703902100,terminal,1.0,22,0.265388,Гипотеза terminal: наблюдаемый выход/вход 0.000 ≤ 0.2; вход 25499.00 KZT; вне границы обхода.
100000000704700100,peripheral,0.2,34,0.248863,"Гипотеза peripheral: входов 1, выходов 0; вход 10000.00, выход 0.00 KZT; сильные правила не выполнены."
100000000706545100,consolidator,0.65,16,0.481016,Гипотеза consolidator: вход от 3 плательщиков; 1 получателей; вход 1070300.00 KZT.
100000000718427100,terminal,1.0,22,0.239846,Гипотеза terminal: наблюдаемый выход/вход 0.000 ≤ 0.2; вход 6000.00 KZT; вне границы обхода.
100000000723383100,peripheral,0.2,32,0.428388,"Гипотеза peripheral: входов 1, выходов 2; вход 6800.00, выход 75000.00 KZT; сильные правила не выполнены."
100000000724540100,peripheral,0.2,35,0.426891,"Гипотеза peripheral: входов 1, выходов 1; вход 50000.00, выход 100000.00 KZT; сильные правила не выполнены."
100000000733373100,terminal,1.0,16,0.350074,Гипотеза terminal: наблюдаемый выход/вход 0.000 ≤ 0.2; вход 10710.00 KZT; вне границы обхода.
100000000733451100,peripheral,0.2,12,0.457305,"Гипотеза peripheral: входов 1, выходов 1; вход 70000.00, выход 300000.00 KZT; сильные правила не выполнены."
100000000733940100,peripheral,0.2,36,0.425131,"Гипотеза peripheral: входов 1, выходов 0; вход 752000.00, выход 0.00 KZT; сильные правила не выполнены."
100000000737152100,peripheral,0.2,0,0.370979,"Гипотеза peripheral: входов 1, выходов 0; вход 35000.00, выход 0.00 KZT; сильные правила не выполнены."
100000000749118100,peripheral,0.2,0,0.38801,"Гипотеза peripheral: входов 1, выходов 1; вход 10330.00, выход 16500.00 KZT; сильные правила не выполнены."
100000000764836100,terminal,0.503409,8,0.446295,Гипотеза terminal: наблюдаемый выход/вход 0.199 ≤ 0.2; вход 251716.00 KZT; вне границы обхода.
100000000765628100,terminal,1.0,16,0.336628,Гипотеза terminal: наблюдаемый выход/вход 0.000 ≤ 0.2; вход 5000.00 KZT; вне границы обхода.
100000000769919100,terminal,1.0,37,0.305689,Гипотеза terminal: наблюдаемый выход/вход 0.000 ≤ 0.2; вход 250000.00 KZT; вне границы обхода.
100000000782285100,terminal,1.0,0,0.340285,Гипотеза terminal: наблюдаемый выход/вход 0.000 ≤ 0.2; вход 6151.00 KZT; вне границы обхода.
100000000783406100,terminal,1.0,38,0.340039,Гипотеза terminal: наблюдаемый выход/вход 0.000 ≤ 0.2; вход 6066.00 KZT; вне границы обхода.
100000000785800100,transit,1.0,39,0.293641,"Гипотеза transit: входов 1, выходов 1; наблюдаемый выход/вход 1.000; вход 19000.00 KZT."
100000000790311100,terminal,1.0,3,0.375918,Гипотеза terminal: наблюдаемый выход/вход 0.000 ≤ 0.2; вход 46300.00 KZT; вне границы обхода.
100000000791285100,peripheral,0.2,14,0.489202,"Гипотеза peripheral: входов 1, выходов 3; вход 1120000.00, выход 650000.00 KZT; сильные правила не выполнены."
100000000795033100,terminal,1.0,0,0.359435,Гипотеза terminal: наблюдаемый выход/вход 0.000 ≤ 0.2; вход 18200.00 KZT; вне границы обхода.
100000000795129100,terminal,1.0,3,0.410697,Гипотеза terminal: наблюдаемый выход/вход 0.000 ≤ 0.2; вход 332000.00 KZT; вне границы обхода.
100000000795374100,terminal,1.0,8,0.377276,Гипотеза terminal: наблюдаемый выход/вход 0.000 ≤ 0.2; вход 50000.00 KZT; вне границы обхода.
100000000802149100,terminal,1.0,0,0.390227,Гипотеза terminal: наблюдаемый выход/вход 0.000 ≤ 0.2; вход 104128.00 KZT; вне границы обхода.
100000000803368100,peripheral,0.2,40,0.39539,"Гипотеза peripheral: входов 1, выходов 0; вход 139503.00, выход 0.00 KZT; сильные правила не выполнены."
100000000806727100,terminal,0.722222,2,0.427734,Гипотеза terminal: наблюдаемый выход/вход 0.111 ≤ 0.2; вход 45000.00 KZT; вне границы обхода.
100000000810551100,terminal,0.8225,2,0.436446,Гипотеза terminal: наблюдаемый выход/вход 0.071 ≤ 0.2; вход 100000.00 KZT; вне границы обхода.
100000000817146100,terminal,1.0,16,0.399317,Гипотеза terminal: наблюдаемый выход/вход 0.000 ≤ 0.2; вход 70020.00 KZT; вне границы обхода.
100000000821507100,terminal,1.0,33,0.413986,Гипотеза terminal: наблюдаемый выход/вход 0.000 ≤ 0.2; вход 400000.00 KZT; вне границы обхода.
100000000831684100,peripheral,0.2,7,0.303118,"Гипотеза peripheral: входов 1, выходов 1; вход 15000.00, выход 50000.00 KZT; сильные правила не выполнены."
100000000838385100,peripheral,0.2,15,0.458439,"Гипотеза peripheral: входов 1, выходов 2; вход 436900.00, выход 177500.00 KZT; сильные правила не выполнены."
100000000850297100,transit,1.0,11,0.292209,"Гипотеза transit: входов 1, выходов 1; наблюдаемый выход/вход 1.000; вход 17520.00 KZT."
100000000860514100,peripheral,0.2,13,0.402797,"Гипотеза peripheral: входов 1, выходов 1; вход 12000.00, выход 50000.00 KZT; сильные правила не выполнены."
100000000861294100,terminal,1.0,41,0.296671,Гипотеза terminal: наблюдаемый выход/вход 0.000 ≤ 0.2; вход 150000.00 KZT; вне границы обхода.
100000000870121100,terminal,1.0,12,0.352082,Гипотеза terminal: наблюдаемый выход/вход 0.000 ≤ 0.2; вход 12000.00 KZT; вне границы обхода.
100000000878006100,terminal,1.0,10,0.376184,Гипотеза terminal: наблюдаемый выход/вход 0.000 ≤ 0.2; вход 47003.00 KZT; вне границы обхода.
100000000896111100,terminal,1.0,21,0.308132,Гипотеза terminal: наблюдаемый выход/вход 0.000 ≤ 0.2; вход 287100.00 KZT; вне границы обхода.
100000000907277100,terminal,1.0,22,0.258777,Гипотеза terminal: наблюдаемый выход/вход 0.000 ≤ 0.2; вход 17534.00 KZT; вне границы обхода.
100000000910216100,peripheral,0.2,2,0.425983,"Гипотеза peripheral: входов 1, выходов 1; вход 71000.00, выход 52010.00 KZT; сильные правила не выполнены."
100000000912487100,terminal,1.0,2,0.36496,Гипотеза terminal: наблюдаемый выход/вход 0.000 ≤ 0.2; вход 10000.00 KZT; вне границы обхода.
100000000913911100,peripheral,0.2,2,0.468081,"Гипотеза peripheral: входов 2, выходов 1; вход 467000.00, выход 600000.00 KZT; сильные правила не выполнены."
100000000917179100,terminal,1.0,40,0.388507,Гипотеза terminal: наблюдаемый выход/вход 0.000 ≤ 0.2; вход 94465.00 KZT; вне границы обхода.
100000000922570100,transit,0.938451,7,0.310203,"Гипотеза transit: входов 1, выходов 1; наблюдаемый выход/вход 1.062; вход 47101.00 KZT."
100000000926078100,peripheral,0.2,8,0.405689,"Гипотеза peripheral: входов 1, выходов 0; вход 250000.00, выход 0.00 KZT; сильные правила не выполнены."
100000000926766100,peripheral,0.2,13,0.386072,"Гипотеза peripheral: входов 1, выходов 1; вход 18750.00, выход 6000.00 KZT; сильные правила не выполнены."
100000000933075100,peripheral,0.2,7,0.433876,"Гипотеза peripheral: входов 1, выходов 2; вход 40000.00, выход 55000.00 KZT; сильные правила не выполнены."
100000000941942100,terminal,1.0,2,0.417116,Гипотеза terminal: наблюдаемый выход/вход 0.000 ≤ 0.2; вход 130000.00 KZT; вне границы обхода.
100000000942301100,terminal,1.0,0,0.379768,Гипотеза terminal: наблюдаемый выход/вход 0.000 ≤ 0.2; вход 57580.00 KZT; вне границы обхода.
100000000943371100,terminal,1.0,12,0.379571,Гипотеза terminal: наблюдаемый выход/вход 0.000 ≤ 0.2; вход 15500.00 KZT; вне границы обхода.
100000000945428100,terminal,1.0,0,0.38758,Гипотеза terminal: наблюдаемый выход/вход 0.000 ≤ 0.2; вход 89629.00 KZT; вне границы обхода.
100000000954884100,terminal,1.0,38,0.370467,Гипотеза terminal: наблюдаемый выход/вход 0.000 ≤ 0.2; вход 34000.00 KZT; вне границы обхода.
100000000955444100,terminal,1.0,23,0.242339,Гипотеза terminal: наблюдаемый выход/вход 0.000 ≤ 0.2; вход 6910.00 KZT; вне границы обхода.
100000000955529100,peripheral,0.2,2,0.409063,"Гипотеза peripheral: входов 1, выходов 1; вход 27000.00, выход 63500.00 KZT; сильные правила не выполнены."
100000000957746100,peripheral,0.2,28,0.337657,"Гипотеза peripheral: входов 1, выходов 0; вход 5300.00, выход 0.00 KZT; сильные правила не выполнены."
100000000961900100,terminal,1.0,0,0.392686,Гипотеза terminal: наблюдаемый выход/вход 0.000 ≤ 0.2; вход 36000.00 KZT; вне границы обхода.
100000000967918100,terminal,1.0,0,0.362128,Гипотеза terminal: наблюдаемый выход/вход 0.000 ≤ 0.2; вход 21200.00 KZT; вне границы обхода.
100000000968253100,terminal,1.0,22,0.256021,Гипотеза terminal: наблюдаемый выход/вход 0.000 ≤ 0.2; вход 15000.00 KZT; вне границы обхода.
100000000971908100,terminal,1.0,41,0.287455,Гипотеза terminal: наблюдаемый выход/вход 0.000 ≤ 0.2; вход 89000.00 KZT; вне границы обхода.
100000000976943100,transit,0.8,11,0.427355,"Гипотеза transit: входов 1, выходов 1; наблюдаемый выход/вход 1.200; вход 70000.00 KZT."
100000000978041100,terminal,1.0,22,0.275196,Гипотеза terminal: наблюдаемый выход/вход 0.000 ≤ 0.2; вход 44445.00 KZT; вне границы обхода.
100000000979567100,terminal,1.0,22,0.248863,Гипотеза terminal: наблюдаемый выход/вход 0.000 ≤ 0.2; вход 10000.00 KZT; вне границы обхода.
100000000979923100,terminal,1.0,11,0.397634,Гипотеза terminal: наблюдаемый выход/вход 0.000 ≤ 0.2; вход 97900.00 KZT; вне границы обхода.
100000000981693100,peripheral,0.2,0,0.357704,"Гипотеза peripheral: входов 1, выходов 0; вход 16500.00, выход 0.00 KZT; сильные правила не выполнены."
100000000993112100,terminal,1.0,42,0.404075,Гипотеза terminal: наблюдаемый выход/вход 0.000 ≤ 0.2; вход 141000.00 KZT; вне границы обхода.
100000000998559100,terminal,1.0,2,0.412484,Гипотеза terminal: наблюдаемый выход/вход 0.000 ≤ 0.2; вход 100000.00 KZT; вне границы обхода.
100000001009583100,terminal,1.0,10,0.413708,Гипотеза terminal: наблюдаемый выход/вход 0.000 ≤ 0.2; вход 393740.00 KZT; вне границы обхода.
100000001046057100,terminal,1.0,4,0.386312,Гипотеза terminal: наблюдаемый выход/вход 0.000 ≤ 0.2; вход 83420.00 KZT; вне границы обхода.
100000001046626100,terminal,1.0,10,0.396671,Гипотеза terminal: наблюдаемый выход/вход 0.000 ≤ 0.2; вход 150000.00 KZT; вне границы обхода.
100000001049200100,peripheral,0.2,43,0.47059,"Гипотеза peripheral: входов 2, выходов 4; вход 76624.00, выход 36000.00 KZT; сильные правила не выполнены."
100000001052789100,terminal,1.0,43,0.38346,Гипотеза terminal: наблюдаемый выход/вход 0.000 ≤ 0.2; вход 70975.00 KZT; вне границы обхода.
100000001052945100,peripheral,0.2,44,0.4885,"Гипотеза peripheral: входов 1, выходов 3; вход 56520.00, выход 1595700.00 KZT; сильные правила не выполнены."
100000001053894100,peripheral,0.2,30,0.4424,"Гипотеза peripheral: входов 1, выходов 0; вход 2000000.00, выход 0.00 KZT; сильные правила не выполнены."
100000001056414100,terminal,1.0,24,0.334937,Гипотеза terminal: наблюдаемый выход/вход 0.000 ≤ 0.2; вход 250000.00 KZT; вне границы обхода.
100000001063678100,peripheral,0.2,29,0.430944,"Гипотеза peripheral: входов 1, выходов 2; вход 35000.00, выход 90000.00 KZT; сильные правила не выполнены."
100000001065234100,peripheral,0.2,45,0.412126,"Гипотеза peripheral: входов 1, выходов 0; вход 360000.00, выход 0.00 KZT; сильные правила не выполнены."
100000001065481100,peripheral,0.2,12,0.35716,"Гипотеза peripheral: входов 1, выходов 0; вход 16000.00, выход 0.00 KZT; сильные правила не выполнены."
100000001066017100,peripheral,0.2,0,0.470909,"Гипотеза peripheral: входов 2, выходов 4; вход 136123.00, выход 82500.00 KZT; сильные правила не выполнены."
100000001072022100,consolidator,0.65,2,0.498595,Гипотеза consolidator: вход от 3 плательщиков; 0 получателей; вход 1684000.00 KZT.
100000001073568100,peripheral,0.2,40,0.465597,"Гипотеза peripheral: входов 1, выходов 2; вход 707465.00, выход 219503.00 KZT; сильные правила не выполнены."
100000001074553100,terminal,1.0,4,0.3181,Гипотеза terminal: наблюдаемый выход/вход 0.000 ≤ 0.2; вход 28971.00 KZT; вне границы обхода.
100000001083990100,terminal,1.0,7,0.385737,Гипотеза terminal: наблюдаемый выход/вход 0.000 ≤ 0.2; вход 49900.00 KZT; вне границы обхода.
100000001089055100,peripheral,0.2,28,0.353495,"Гипотеза peripheral: входов 1, выходов 0; вход 13000.00, выход 0.00 KZT; сильные правила не выполнены."
100000001102676100,transit,1.0,2,0.419219,"Гипотеза transit: входов 1, выходов 1; наблюдаемый выход/вход 1.000; вход 50000.00 KZT."
100000001103905100,terminal,1.0,22,0.25924,Гипотеза terminal: наблюдаемый выход/вход 0.000 ≤ 0.2; вход 18000.00 KZT; вне границы обхода.
100000001110358100,terminal,1.0,0,0.390607,Гипотеза terminal: наблюдаемый выход/вход 0.000 ≤ 0.2; вход 32000.00 KZT; вне границы обхода.
100000001111763100,terminal,1.0,22,0.25838,Гипотеза terminal: наблюдаемый выход/вход 0.000 ≤ 0.2; вход 17144.00 KZT; вне границы обхода.
100000001114385100,terminal,1.0,2,0.367961,Гипотеза terminal: наблюдаемый выход/вход 0.000 ≤ 0.2; вход 29500.00 KZT; вне границы обхода.
100000001126374100,coordinator,0.88,0,0.469313,"Гипотеза coordinator: связь с 7 seed по путям; входов 4, выходов 2; посредничество 0.00003."
100000001130176100,terminal,1.0,0,0.365039,Гипотеза terminal: наблюдаемый выход/вход 0.000 ≤ 0.2; вход 25000.00 KZT; вне границы обхода.
100000001130553100,peripheral,0.2,10,0.35924,"Гипотеза peripheral: входов 1, выходов 0; вход 18000.00, выход 0.00 KZT; сильные правила не выполнены."
100000001131403100,peripheral,0.2,44,0.438126,"Гипотеза peripheral: входов 1, выходов 0; вход 1570000.00, выход 0.00 KZT; сильные правила не выполнены."
100000001138283100,peripheral,0.2,8,0.43116,"Гипотеза peripheral: входов 1, выходов 2; вход 81805.00, выход 50000.00 KZT; сильные правила не выполнены."
100000001138376100,terminal,1.0,3,0.356371,Гипотеза terminal: наблюдаемый выход/вход 0.000 ≤ 0.2; вход 15300.00 KZT; вне границы обхода.
100000001140785100,terminal,1.0,4,0.432733,Гипотеза terminal: наблюдаемый выход/вход 0.000 ≤ 0.2; вход 215000.00 KZT; вне границы обхода.
100000001141268100,terminal,0.947917,46,0.470541,Гипотеза terminal: наблюдаемый выход/вход 0.021 ≤ 0.2; вход 480000.00 KZT; вне границы обхода.
100000001145749100,terminal,1.0,2,0.371835,Гипотеза terminal: наблюдаемый выход/вход 0.000 ≤ 0.2; вход 10000.00 KZT; вне границы обхода.
100000001149815100,terminal,1.0,22,0.252082,Гипотеза terminal: наблюдаемый выход/вход 0.000 ≤ 0.2; вход 12000.00 KZT; вне границы обхода.
100000001155773100,terminal,1.0,22,0.262376,Гипотеза terminal: наблюдаемый выход/вход 0.000 ≤ 0.2; вход 21500.00 KZT; вне границы обхода.
100000001160401100,terminal,1.0,0,0.376254,Гипотеза terminal: наблюдаемый выход/вход 0.000 ≤ 0.2; вход 47190.00 KZT; вне границы обхода.
100000001162560100,distributor,0.8,4,0.452686,Гипотеза distributor: выход к 12 получателям при 1 плательщиках; выход 2904398.00 KZT.
100000001164648100,terminal,1.0,47,0.375579,Гипотеза terminal: наблюдаемый выход/вход 0.000 ≤ 0.2; вход 13660.00 KZT; вне границы обхода.
100000001166289100,terminal,0.91332,22,0.36125,Гипотеза terminal: наблюдаемый выход/вход 0.035 ≤ 0.2; вход 721039.00 KZT; вне границы обхода.
100000001169666100,terminal,0.727273,18,0.44308,Гипотеза terminal: наблюдаемый выход/вход 0.109 ≤ 0.2; вход 220000.00 KZT; вне границы обхода.
100000001184915100,terminal,1.0,3,0.401838,Гипотеза terminal: наблюдаемый выход/вход 0.000 ≤ 0.2; вход 201000.00 KZT; вне границы обхода.
100000001194266100,terminal,1.0,2,0.400247,Гипотеза terminal: наблюдаемый выход/вход 0.000 ≤ 0.2; вход 50000.00 KZT; вне границы обхода.
100000001202637100,peripheral,0.2,18,0.36496,"Гипотеза peripheral: входов 1, выходов 0; вход 10000.00, выход 0.00 KZT; сильные правила не выполнены."
100000001202787100,peripheral,0.2,0,0.377054,"Гипотеза peripheral: входов 2, выходов 0; вход 14850.00, выход 0.00 KZT; сильные правила не выполнены."
100000001220124100,peripheral,0.2,8,0.373336,"Гипотеза peripheral: входов 1, выходов 0; вход 40000.00, выход 0.00 KZT; сильные правила не выполнены."
100000001222245100,peripheral,0.2,10,0.414848,"Гипотеза peripheral: входов 1, выходов 0; вход 420000.00, выход 0.00 KZT; сильные правила не выполнены."
100000001222263100,peripheral,0.2,10,0.454592,"Гипотеза peripheral: входов 1, выходов 1; вход 745570.00, выход 420000.00 KZT; сильные правила не выполнены."
100000001223977100,peripheral,0.2,48,0.408262,"Гипотеза peripheral: входов 1, выходов 1; вход 5000.00, выход 18000.00 KZT; сильные правила не выполнены."
100000001227106100,terminal,1.0,10,0.398328,Гипотеза terminal: наблюдаемый выход/вход 0.000 ≤ 0.2; вход 164765.00 KZT; вне границы обхода.
100000001229743100,peripheral,0.2,0,0.378884,"Гипотеза peripheral: входов 1, выходов 1; вход 7000.00, выход 9000.00 KZT; сильные правила не выполнены."
100000001232297100,peripheral,0.2,12,0.436506,"Гипотеза peripheral: входов 1, выходов 2; вход 5000.00, выход 45000.00 KZT; сильные правила не выполнены."
100000001236706100,coordinator,0.88,12,0.458258,"Гипотеза coordinator: связь с 7 seed по путям; входов 3, выходов 2; посредничество 0.00003."
100000001241318100,terminal,1.0,0,0.378304,Гипотеза terminal: наблюдаемый выход/вход 0.000 ≤ 0.2; вход 53000.00 KZT; вне границы обхода.
100000001246806100,peripheral,0.2,4,0.410241,"Гипотеза peripheral: входов 1, выходов 0; вход 130000.00, выход 0.00 KZT; сильные правила не выполнены."
100000001248999100,terminal,1.0,28,0.36389,Гипотеза terminal: наблюдаемый выход/вход 0.000 ≤ 0.2; вход 23425.00 KZT; вне границы обхода.
100000001249054100,peripheral,0.2,18,0.358616,"Гипотеза peripheral: входов 1, выходов 0; вход 17375.00, выход 0.00 KZT; сильные правила не выполнены."
100000001250022100,terminal,1.0,41,0.277276,Гипотеза terminal: наблюдаемый выход/вход 0.000 ≤ 0.2; вход 50000.00 KZT; вне границы обхода.
100000001251686100,terminal,1.0,2,0.375336,Гипотеза terminal: наблюдаемый выход/вход 0.000 ≤ 0.2; вход 18000.00 KZT; вне границы обхода.
100000001252290100,terminal,0.911351,10,0.417922,Гипотеза terminal: наблюдаемый выход/вход 0.035 ≤ 0.2; вход 141005.00 KZT; вне границы обхода.
100000001253557100,consolidator,0.75,4,0.483069,Гипотеза consolidator: вход от 5 плательщиков; 0 получателей; вход 210200.00 KZT.
100000001256409100,peripheral,0.2,35,0.244924,"Гипотеза peripheral: входов 1, выходов 0; вход 8000.00, выход 0.00 KZT; сильные правила не выполнены."
100000001262647100,terminal,1.0,3,0.364059,Гипотеза terminal: наблюдаемый выход/вход 0.000 ≤ 0.2; вход 23650.00 KZT; вне границы обхода.
100000001270349100,terminal,1.0,41,0.301749,Гипотеза terminal: наблюдаемый выход/вход 0.000 ≤ 0.2; вход 200000.00 KZT; вне границы обхода.
100000001270470100,peripheral,0.2,0,0.367228,"Гипотеза peripheral: входов 1, выходов 0; вход 28300.00, выход 0.00 KZT; сильные правила не выполнены."
100000001273783100,terminal,1.0,11,0.26372,Гипотеза terminal: наблюдаемый выход/вход 0.000 ≤ 0.2; вход 23200.00 KZT; вне границы обхода.
100000001275557100,peripheral,0.2,29,0.3611,"Гипотеза peripheral: входов 1, выходов 0; вход 20000.00, выход 0.00 KZT; сильные правила не выполнены."
100000001275752100,terminal,1.0,4,0.412943,Гипотеза terminal: наблюдаемый выход/вход 0.000 ≤ 0.2; вход 151500.00 KZT; вне границы обхода.
100000001276409100,peripheral,0.2,18,0.388562,"Гипотеза peripheral: входов 1, выходов 0; вход 94760.00, выход 0.00 KZT; сильные правила не выполнены."
100000001279272100,peripheral,0.2,0,0.461075,"Гипотеза peripheral: входов 1, выходов 2; вход 250000.00, выход 136758.00 KZT; сильные правила не выполнены."
100000001279875100,terminal,1.0,24,0.277003,Гипотеза terminal: наблюдаемый выход/вход 0.000 ≤ 0.2; вход 49235.00 KZT; вне границы обхода.
100000001280798100,terminal,1.0,18,0.364159,Гипотеза terminal: наблюдаемый выход/вход 0.000 ≤ 0.2; вход 23785.00 KZT; вне границы обхода.
100000001282143100,consolidator,0.75,24,0.519972,Гипотеза consolidator: вход от 5 плательщиков; 0 получателей; вход 1700000.00 KZT.
100000001285440100,terminal,1.0,46,0.442494,Гипотеза terminal: наблюдаемый выход/вход 0.000 ≤ 0.2; вход 243000.00 KZT; вне границы обхода.
100000001286703100,peripheral,0.2,30,0.361536,"Гипотеза peripheral: входов 1, выходов 0; вход 20500.00, выход 0.00 KZT; сильные правила не выполнены."
100000001287955100,peripheral,0.2,24,0.536173,"Гипотеза peripheral: входов 1, выходов 4; вход 17520.00, выход 310000.00 KZT; сильные правила не выполнены."
100000001290243100,terminal,1.0,16,0.348863,Гипотеза terminal: наблюдаемый выход/вход 0.000 ≤ 0.2; вход 10000.00 KZT; вне границы обхода.
100000001297206100,peripheral,0.2,0,0.341946,"Гипотеза peripheral: входов 1, выходов 0; вход 6758.00, выход 0.00 KZT; сильные правила не выполнены."
100000001298099100,terminal,1.0,18,0.360194,Гипотеза terminal: наблюдаемый выход/вход 0.000 ≤ 0.2; вход 19000.00 KZT; вне границы обхода.
100000001299323100,peripheral,0.2,4,0.39953,"Гипотеза peripheral: входов 1, выходов 0; вход 109000.00, выход 0.00 KZT; сильные правила не выполнены."
100000001299443100,peripheral,0.2,47,0.244924,"Гипотеза peripheral: входов 1, выходов 0; вход 8000.00, выход 0.00 KZT; сильные правила не выполнены."
100000001299828100,peripheral,0.2,0,0.389512,"Гипотеза peripheral: входов 1, выходов 0; вход 100000.00, выход 0.00 KZT; сильные правила не выполнены."
100000001303311100,consolidator,0.75,46,0.508684,Гипотеза consolidator: вход от 5 плательщиков; 0 получателей; вход 1324000.00 KZT.
100000001307612100,terminal,1.0,22,0.272654,Гипотеза terminal: наблюдаемый выход/вход 0.000 ≤ 0.2; вход 38483.00 KZT; вне границы обхода.
100000001308856100,terminal,1.0,22,0.266398,Гипотеза terminal: наблюдаемый выход/вход 0.000 ≤ 0.2; вход 27000.00 KZT; вне границы обхода.
100000001311175100,peripheral,0.2,24,0.338156,"Гипотеза peripheral: входов 1, выходов 0; вход 300000.00, выход 0.00 KZT; сильные правила не выполнены."
100000001317336100,peripheral,0.2,36,0.478829,"Гипотеза peripheral: входов 1, выходов 2; вход 131196.00, выход 1752000.00 KZT; сильные правила не выполнены."
100000001325618100,peripheral,0.2,47,0.247582,"Гипотеза peripheral: входов 1, выходов 0; вход 9300.00, выход 0.00 KZT; сильные правила не выполнены."
100000001329153100,terminal,1.0,0,0.396751,Гипотеза terminal: наблюдаемый выход/вход 0.000 ≤ 0.2; вход 150687.00 KZT; вне границы обхода.
100000001330595100,consolidator,0.65,34,0.352974,Гипотеза consolidator: вход от 3 плательщиков; 1 получателей; вход 87000.00 KZT.
100000001330685100,consolidator,0.65,10,0.49504,Гипотеза consolidator: вход от 3 плательщиков; 1 получателей; вход 2435923.00 KZT.
100000001339466100,terminal,1.0,2,0.384354,Гипотеза terminal: наблюдаемый выход/вход 0.000 ≤ 0.2; вход 30000.00 KZT; вне границы обхода.
100000001346560100,peripheral,0.2,2,0.435528,"Гипотеза peripheral: входов 2, выходов 1; вход 10000.00, выход 22200.00 KZT; сильные правила не выполнены."
100000001362940100,terminal,1.0,2,0.408764,Гипотеза terminal: наблюдаемый выход/вход 0.000 ≤ 0.2; вход 81000.00 KZT; вне границы обхода.
100000001363952100,peripheral,0.2,8,0.444938,"Гипотеза peripheral: входов 2, выходов 1; вход 196655.00, выход 91000.00 KZT; сильные правила не выполнены."
100000001373265100,terminal,0.91227,8,0.418096,Гипотеза terminal: наблюдаемый выход/вход 0.035 ≤ 0.2; вход 142482.00 KZT; вне границы обхода.
100000001378288100,peripheral,0.2,8,0.406916,"Гипотеза peripheral: входов 1, выходов 0; вход 268000.00, выход 0.00 KZT; сильные правила не выполнены."
100000001379511100,terminal,1.0,4,0.378958,Гипотеза terminal: наблюдаемый выход/вход 0.000 ≤ 0.2; вход 55000.00 KZT; вне границы обхода.
100000001380054100,peripheral,0.2,27,0.374932,"Гипотеза peripheral: входов 2, выходов 3; вход 127050.00, выход 360000.00 KZT; сильные правила не выполнены."
100000001380107100,terminal,1.0,31,0.362818,Гипотеза terminal: наблюдаемый выход/вход 0.000 ≤ 0.2; вход 6000.00 KZT; вне границы обхода.
100000001380986100,terminal,1.0,4,0.283259,Гипотеза terminal: наблюдаемый выход/вход 0.000 ≤ 0.2; вход 70170.00 KZT; вне границы обхода.
100000001382002100,transit,0.972727,0,0.412644,"Гипотеза transit: входов 1, выходов 1; наблюдаемый выход/вход 1.027; вход 55000.00 KZT."
100000001384826100,terminal,0.931368,10,0.434536,Гипотеза terminal: наблюдаемый выход/вход 0.027 ≤ 0.2; вход 364260.00 KZT; вне границы обхода.
100000001386612100,terminal,1.0,49,0.381148,Гипотеза terminal: наблюдаемый выход/вход 0.000 ≤ 0.2; вход 62264.00 KZT; вне границы обхода.
100000001389255100,terminal,1.0,22,0.25731,Гипотеза terminal: наблюдаемый выход/вход 0.000 ≤ 0.2; вход 16136.00 KZT; вне границы обхода.
100000001411870100,terminal,1.0,41,0.378761,Гипотеза terminal: наблюдаемый выход/вход 0.000 ≤ 0.2; вход 900000.00 KZT; вне границы обхода.
100000001415126100,peripheral,0.2,49,0.366398,"Гипотеза peripheral: входов 1, выходов 0; вход 27000.00, выход 0.00 KZT; сильные правила не выполнены."
100000001418900100,terminal,1.0,22,0.273398,Гипотеза terminal: наблюдаемый выход/вход 0.000 ≤ 0.2; вход 40140.00 KZT; вне границы обхода.
100000001420847100,terminal,1.0,43,0.3611,Гипотеза terminal: наблюдаемый выход/вход 0.000 ≤ 0.2; вход 20000.00 KZT; вне границы обхода.
100000001427082100,distributor,0.625,32,0.461718,Гипотеза distributor: выход к 5 получателям при 1 плательщиках; выход 124900.00 KZT.
100000001429930100,peripheral,0.2,12,0.365731,"Гипотеза peripheral: входов 1, выходов 0; вход 26000.00, выход 0.00 KZT; сильные правила не выполнены."
100000001439416100,peripheral,0.2,0,0.436165,"Гипотеза peripheral: входов 1, выходов 2; вход 10000.00, выход 165000.00 KZT; сильные правила не выполнены."
100000001445848100,peripheral,0.2,38,0.449471,"Гипотеза peripheral: входов 1, выходов 1; вход 546000.00, выход 351850.00 KZT; сильные правила не выполнены."
100000001463701100,terminal,1.0,11,0.451458,Гипотеза terminal: наблюдаемый выход/вход 0.000 ≤ 0.2; вход 621000.00 KZT; вне границы обхода.
100000001471706100,peripheral,0.2,49,0.421437,"Гипотеза peripheral: входов 1, выходов 0; вход 377000.00, выход 0.00 KZT; сильные правила не выполнены."
100000001477796100,terminal,1.0,2,0.300084,Гипотеза terminal: наблюдаемый выход/вход 0.000 ≤ 0.2; вход 182000.00 KZT; вне границы обхода.
100000001484381100,terminal,1.0,18,0.409926,Гипотеза terminal: наблюдаемый выход/вход 0.000 ≤ 0.2; вход 95585.00 KZT; вне границы обхода.
100000001490461100,peripheral,0.2,18,0.402859,"Гипотеза peripheral: входов 1, выходов 1; вход 20000.00, выход 5000.00 KZT; сильные правила не выполнены."
100000001498732100,peripheral,0.2,4,0.33831,"Гипотеза peripheral: входов 1, выходов 0; вход 5500.00, выход 0.00 KZT; сильные правила не выполнены."
100000001524952100,terminal,1.0,0,0.390172,Гипотеза terminal: наблюдаемый выход/вход 0.000 ≤ 0.2; вход 103807.00 KZT; вне границы обхода.
100000001526235100,coordinator,0.88,13,0.518844,"Гипотеза coordinator: связь с 7 seed по путям; входов 3, выходов 8; посредничество 0.00023."
100000001527186100,terminal,1.0,2,0.446274,Гипотеза terminal: наблюдаемый выход/вход 0.000 ≤ 0.2; вход 678000.00 KZT; вне границы обхода.
100000001530709100,terminal,1.0,0,0.378622,Гипотеза terminal: наблюдаемый выход/вход 0.000 ≤ 0.2; вход 53961.00 KZT; вне границы обхода.
100000001530740100,terminal,1.0,16,0.356021,Гипотеза terminal: наблюдаемый выход/вход 0.000 ≤ 0.2; вход 15000.00 KZT; вне границы обхода.
100000001530983100,coordinator,0.88,16,0.563286,"Гипотеза coordinator: связь с 7 seed по путям; входов 4, выходов 11; посредничество 0.00030."
100000001533161100,peripheral,0.2,50,0.389512,"Гипотеза peripheral: входов 1, выходов 0; вход 100000.00, выход 0.00 KZT; сильные правила не выполнены."
100000001534244100,terminal,0.692623,4,0.459734,Гипотеза terminal: наблюдаемый выход/вход 0.123 ≤ 0.2; вход 366000.00 KZT; вне границы обхода.
100000001537524100,peripheral,0.2,24,0.405167,"Гипотеза peripheral: входов 1, выходов 0; вход 150000.00, выход 0.00 KZT; сильные правила не выполнены."
100000001538095100,terminal,1.0,24,0.444996,Гипотеза terminal: наблюдаемый выход/вход 0.000 ≤ 0.2; вход 280000.00 KZT; вне границы обхода.
100000001541418100,terminal,1.0,4,0.410167,Гипотеза terminal: наблюдаемый выход/вход 0.000 ≤ 0.2; вход 96900.00 KZT; вне границы обхода.
100000001549194100,terminal,1.0,40,0.375994,Гипотеза terminal: наблюдаемый выход/вход 0.000 ≤ 0.2; вход 46500.00 KZT; вне границы обхода.
100000001550388100,terminal,1.0,0,0.377276,Гипотеза terminal: наблюдаемый выход/вход 0.000 ≤ 0.2; вход 50000.00 KZT; вне границы обхода.
100000001550419100,terminal,1.0,40,0.363567,Гипотеза terminal: наблюдаемый выход/вход 0.000 ≤ 0.2; вход 23000.00 KZT; вне границы обхода.
100000001554432100,terminal,1.0,2,0.40158,Гипотеза terminal: наблюдаемый выход/вход 0.000 ≤ 0.2; вход 53920.00 KZT; вне границы обхода.
100000001557930100,terminal,1.0,41,0.270781,Гипотеза terminal: наблюдаемый выход/вход 0.000 ≤ 0.2; вход 34610.00 KZT; вне границы обхода.
100000001567366100,terminal,1.0,16,0.426747,Гипотеза terminal: наблюдаемый выход/вход 0.000 ≤ 0.2; вход 824070.00 KZT; вне границы обхода.
100000001578517100,terminal,1.0,16,0.368258,Гипотеза terminal: наблюдаемый выход/вход 0.000 ≤ 0.2; вход 30000.00 KZT; вне границы обхода.
100000001584286100,terminal,1.0,24,0.454523,Гипотеза terminal: наблюдаемый выход/вход 0.000 ≤ 0.2; вход 738699.00 KZT; вне границы обхода.
100000001590795100,peripheral,0.2,47,0.236839,"Гипотеза peripheral: входов 1, выходов 0; вход 5060.00, выход 0.00 KZT; сильные правила не выполнены."
100000001597424100,terminal,1.0,40,0.376592,Гипотеза terminal: наблюдаемый выход/вход 0.000 ≤ 0.2; вход 48100.00 KZT; вне границы обхода.
100000001597505100,peripheral,0.2,42,0.402767,"Гипотеза peripheral: входов 1, выходов 1; вход 26460.00, выход 12920.00 KZT; сильные правила не выполнены."
100000001598625100,peripheral,0.2,8,0.365039,"Гипотеза peripheral: входов 1, выходов 0; вход 25000.00, выход 0.00 KZT; сильные правила не выполнены."
100000001600934100,terminal,0.847476,8,0.422175,Гипотеза terminal: наблюдаемый выход/вход 0.061 ≤ 0.2; вход 180300.00 KZT; вне границы обхода.
100000001601320100,transit,0.937931,1,0.323955,"Гипотеза transit: входов 2, выходов 1; наблюдаемый выход/вход 1.062; вход 43500.00 KZT."
100000001609499100,coordinator,0.88,0,0.466869,"Гипотеза coordinator: связь с 7 seed по путям; входов 3, выходов 2; посредничество 0.00005."
100000001611488100,terminal,1.0,10,0.446971,Гипотеза terminal: наблюдаемый выход/вход 0.000 ≤ 0.2; вход 779300.00 KZT; вне границы обхода.
100000001616816100,coordinator,1.0,41,0.516095,"Гипотеза coordinator: связь с 10 seed по путям; входов 5, выходов 3; посредничество 0.00008."
100000001632325100,terminal,1.0,22,0.286768,Гипотеза terminal: наблюдаемый выход/вход 0.000 ≤ 0.2; вход 85600.00 KZT; вне границы обхода.
100000001633685100,consolidator,0.65,0,0.411675,Гипотеза consolidator: вход от 3 плательщиков; 0 получателей; вход 45000.00 KZT.
100000001637376100,peripheral,0.2,10,0.433401,"Гипотеза peripheral: входов 1, выходов 1; вход 116700.00, выход 234250.00 KZT; сильные правила не выполнены."
100000001639766100,terminal,1.0,41,0.2611,Гипотеза terminal: наблюдаемый выход/вход 0.000 ≤ 0.2; вход 20000.00 KZT; вне границы обхода.
100000001641789100,terminal,1.0,41,0.388316,Гипотеза terminal: наблюдаемый выход/вход 0.000 ≤ 0.2; вход 17826.00 KZT; вне границы обхода.
100000001641951100,terminal,1.0,2,0.394287,Гипотеза terminal: наблюдаемый выход/вход 0.000 ≤ 0.2; вход 25000.00 KZT; вне границы обхода.
100000001648936100,terminal,1.0,41,0.288182,Гипотеза terminal: наблюдаемый выход/вход 0.000 ≤ 0.2; вход 92740.00 KZT; вне границы обхода.
100000001650895100,terminal,0.837134,18,0.436012,Гипотеза terminal: наблюдаемый выход/вход 0.065 ≤ 0.2; вход 153500.00 KZT; вне границы обхода.
100000001660397100,transit,0.99177,0,0.451582,"Гипотеза transit: входов 2, выходов 3; наблюдаемый выход/вход 1.008; вход 48600.00 KZT."
100000001669260100,peripheral,0.2,35,0.317926,"Гипотеза peripheral: входов 1, выходов 0; вход 500000.00, выход 0.00 KZT; сильные правила не выполнены."
100000001674850100,terminal,1.0,4,0.434453,Гипотеза terminal: наблюдаемый выход/вход 0.000 ≤ 0.2; вход 237000.00 KZT; вне границы обхода.
100000001677389100,peripheral,0.2,28,0.37932,"Гипотеза peripheral: входов 1, выходов 1; вход 11000.00, выход 5400.00 KZT; сильные правила не выполнены."
100000001677929100,consolidator,0.65,1,0.372222,Гипотеза consolidator: вход от 3 плательщиков; 2 получателей; вход 126777.00 KZT.
100000001680944100,terminal,1.0,46,0.429771,Гипотеза terminal: наблюдаемый выход/вход 0.000 ≤ 0.2; вход 393000.00 KZT; вне границы обхода.
100000001684867100,terminal,1.0,16,0.368578,Гипотеза terminal: наблюдаемый выход/вход 0.000 ≤ 0.2; вход 30550.00 KZT; вне границы обхода.
100000001686328100,terminal,1.0,4,0.411549,Гипотеза terminal: наблюдаемый выход/вход 0.000 ≤ 0.2; вход 140000.00 KZT; вне границы обхода.
100000001688676100,terminal,1.0,43,0.39464,Гипотеза terminal: наблюдаемый выход/вход 0.000 ≤ 0.2; вход 133700.00 KZT; вне границы обхода.
100000001689968100,consolidator,0.65,10,0.4476,Гипотеза consolidator: вход от 3 плательщиков; 0 получателей; вход 344333.75 KZT.
100000001690439100,terminal,1.0,10,0.355054,Гипотеза terminal: наблюдаемый выход/вход 0.000 ≤ 0.2; вход 14200.00 KZT; вне границы обхода.
100000001690558100,terminal,1.0,43,0.424847,Гипотеза terminal: наблюдаемый выход/вход 0.000 ≤ 0.2; вход 740000.00 KZT; вне границы обхода.
100000001696818100,terminal,1.0,2,0.278487,Гипотеза terminal: наблюдаемый выход/вход 0.000 ≤ 0.2; вход 53550.00 KZT; вне границы обхода.
100000001697501100,distributor,1.0,22,0.497792,Гипотеза distributor: выход к 38 получателям при 3 плательщиках; выход 1482606.00 KZT.
100000001703168100,peripheral,0.2,2,0.416534,"Гипотеза peripheral: входов 1, выходов 1; вход 45000.00, выход 90000.00 KZT; сильные правила не выполнены."
100000001714173100,terminal,1.0,46,0.43835,Гипотеза terminal: наблюдаемый выход/вход 0.000 ≤ 0.2; вход 638905.00 KZT; вне границы обхода.
100000001714413100,terminal,1.0,10,0.405701,Гипотеза terminal: наблюдаемый выход/вход 0.000 ≤ 0.2; вход 250172.00 KZT; вне границы обхода.
100000001714883100,peripheral,0.2,47,0.242313,"Гипотеза peripheral: входов 1, выходов 0; вход 6900.00, выход 0.00 KZT; сильные правила не выполнены."
100000001716579100,terminal,1.0,22,0.254697,Гипотеза terminal: наблюдаемый выход/вход 0.000 ≤ 0.2; вход 13916.00 KZT; вне границы обхода.
100000001724740100,peripheral,0.2,4,0.41647,"Гипотеза peripheral: входов 1, выходов 0; вход 185000.00, выход 0.00 KZT; сильные правила не выполнены."
100000001726614100,terminal,1.0,0,0.39529,Гипотеза terminal: наблюдаемый выход/вход 0.000 ≤ 0.2; вход 138717.00 KZT; вне границы обхода.
100000001732159100,peripheral,0.2,51,0.536292,"Гипотеза peripheral: входов 2, выходов 4; вход 2378100.00, выход 1505966.00 KZT; сильные правила не выполнены."
100000001733216100,peripheral,0.2,0,0.380494,"Гипотеза peripheral: входов 1, выходов 0; вход 60000.00, выход 0.00 KZT; сильные правила не выполнены."
100000001733687100,terminal,1.0,4,0.417404,Гипотеза terminal: наблюдаемый выход/вход 0.000 ≤ 0.2; вход 300000.00 KZT; вне границы обхода.
100000001737722100,terminal,1.0,2,0.389125,Гипотеза terminal: наблюдаемый выход/вход 0.000 ≤ 0.2; вход 60460.00 KZT; вне границы обхода.
100000001740277100,peripheral,0.2,1,0.275631,"Гипотеза peripheral: входов 1, выходов 1; вход 8700.00, выход 5000.00 KZT; сильные правила не выполнены."
100000001745217100,terminal,1.0,0,0.377276,Гипотеза terminal: наблюдаемый выход/вход 0.000 ≤ 0.2; вход 50000.00 KZT; вне границы обхода.
100000001746925100,terminal,0.808429,2,0.430028,Гипотеза terminal: наблюдаемый выход/вход 0.077 ≤ 0.2; вход 65250.00 KZT; вне границы обхода.
100000001782980100,peripheral,0.2,27,0.343664,"Гипотеза peripheral: входов 1, выходов 1; вход 50000.00, выход 596200.00 KZT; сильные правила не выполнены."
100000001784279100,terminal,1.0,0,0.371316,Гипотеза terminal: наблюдаемый выход/вход 0.000 ≤ 0.2; вход 35674.00 KZT; вне границы обхода.
100000001785161100,terminal,1.0,33,0.389468,Гипотеза terminal: наблюдаемый выход/вход 0.000 ≤ 0.2; вход 30000.00 KZT; вне границы обхода.
100000001788284100,distributor,0.625,13,0.476256,Гипотеза distributor: выход к 5 получателям при 1 плательщиках; выход 296700.00 KZT.
100000001805543100,terminal,1.0,16,0.380198,Гипотеза terminal: наблюдаемый выход/вход 0.000 ≤ 0.2; вход 59000.00 KZT; вне границы обхода.
100000001808684100,peripheral,0.2,41,0.308081,"Гипотеза peripheral: входов 1, выходов 1; вход 48400.00, выход 37700.00 KZT; сильные правила не выполнены."
100000001816678100,peripheral,0.2,2,0.380494,"Гипотеза peripheral: входов 1, выходов 0; вход 60000.00, выход 0.00 KZT; сильные правила не выполнены."
100000001818442100,terminal,1.0,18,0.374288,Гипотеза terminal: наблюдаемый выход/вход 0.000 ≤ 0.2; вход 42215.00 KZT; вне границы обхода.
100000001819396100,terminal,1.0,14,0.398468,Гипотеза terminal: наблюдаемый выход/вход 0.000 ≤ 0.2; вход 166080.00 KZT; вне границы обхода.
100000001822623100,terminal,1.0,29,0.401864,Гипотеза terminal: наблюдаемый выход/вход 0.000 ≤ 0.2; вход 201300.00 KZT; вне границы обхода.
100000001822650100,peripheral,0.2,4,0.400009,"Гипотеза peripheral: входов 1, выходов 0; вход 112000.00, выход 0.00 KZT; сильные правила не выполнены."
100000001825934100,peripheral,0.2,26,0.316383,"Гипотеза peripheral: входов 1, выходов 1; вход 40000.00, выход 97000.00 KZT; сильные правила не выполнены."
100000001831496100,peripheral,0.2,11,0.435142,"Гипотеза peripheral: входов 1, выходов 1; вход 25000.00, выход 373000.00 KZT; сильные правила не выполнены."
100000001835625100,terminal,1.0,10,0.384464,Гипотеза terminal: наблюдаемый выход/вход 0.000 ≤ 0.2; вход 75130.00 KZT; вне границы обхода.
100000001837130100,terminal,1.0,0,0.399179,Гипотеза terminal: наблюдаемый выход/вход 0.000 ≤ 0.2; вход 172900.00 KZT; вне границы обхода.
100000001845505100,peripheral,0.2,8,0.3611,"Гипотеза peripheral: входов 1, выходов 0; вход 20000.00, выход 0.00 KZT; сильные правила не выполнены."
100000001848426100,terminal,1.0,41,0.288705,Гипотеза terminal: наблюдаемый выход/вход 0.000 ≤ 0.2; вход 95530.00 KZT; вне границы обхода.
100000001851289100,terminal,1.0,16,0.391116,Гипотеза terminal: наблюдаемый выход/вход 0.000 ≤ 0.2; вход 109510.00 KZT; вне границы обхода.
100000001852140100,terminal,1.0,52,0.268258,Гипотеза terminal: наблюдаемый выход/вход 0.000 ≤ 0.2; вход 30000.00 KZT; вне границы обхода.
100000001853812100,terminal,1.0,8,0.383216,Гипотеза terminal: наблюдаемый выход/вход 0.000 ≤ 0.2; вход 70000.00 KZT; вне границы обхода.
100000001857829100,coordinator,0.88,8,0.615913,"Гипотеза coordinator: связь с 7 seed по путям; входов 6, выходов 16; посредничество 0.00125."
100000001860090100,terminal,1.0,41,0.236628,Гипотеза terminal: наблюдаемый выход/вход 0.000 ≤ 0.2; вход 5000.00 KZT; вне границы обхода.
100000001870116100,terminal,1.0,22,0.264318,Гипотеза terminal: наблюдаемый выход/вход 0.000 ≤ 0.2; вход 24000.00 KZT; вне границы обхода.
100000001872484100,peripheral,0.2,39,0.383857,"Гипотеза peripheral: входов 1, выходов 3; вход 871400.00, выход 514580.00 KZT; сильные правила не выполнены."
100000001875167100,terminal,1.0,10,0.430163,Гипотеза terminal: наблюдаемый выход/вход 0.000 ≤ 0.2; вход 1000000.00 KZT; вне границы обхода.
100000001875239100,consolidator,0.65,4,0.476522,Гипотеза consolidator: вход от 3 плательщиков; 0 получателей; вход 712000.00 KZT.
100000001884825100,consolidator,0.65,4,0.462504,Гипотеза consolidator: вход от 3 плательщиков; 0 получателей; вход 495000.00 KZT.
100000001887715100,consolidator,0.65,46,0.507647,Гипотеза consolidator: вход от 3 плательщиков; 1 получателей; вход 1331500.00 KZT.
100000001893287100,peripheral,0.2,41,0.320163,"Гипотеза peripheral: входов 1, выходов 1; вход 18000.00, выход 152700.00 KZT; сильные правила не выполнены."
100000001899164100,coordinator,0.92,7,0.496619,"Гипотеза coordinator: связь с 8 seed по путям; входов 4, выходов 3; посредничество 0.00010."
100000001904863100,terminal,1.0,40,0.447174,Гипотеза terminal: наблюдаемый выход/вход 0.000 ≤ 0.2; вход 500000.00 KZT; вне границы обхода.
100000001924185100,terminal,1.0,11,0.447246,Гипотеза terminal: наблюдаемый выход/вход 0.000 ≤ 0.2; вход 151000.00 KZT; вне границы обхода.
100000001927599100,terminal,1.0,18,0.437964,Гипотеза terminal: наблюдаемый выход/вход 0.000 ≤ 0.2; вход 188000.00 KZT; вне границы обхода.
100000001929088100,terminal,1.0,1,0.364268,Гипотеза terminal: наблюдаемый выход/вход 0.000 ≤ 0.2; вход 396010.00 KZT; вне границы обхода.
100000001934935100,terminal,1.0,0,0.392574,Гипотеза terminal: наблюдаемый выход/вход 0.000 ≤ 0.2; вход 118935.00 KZT; вне границы обхода.
100000001937767100,peripheral,0.2,40,0.530365,"Гипотеза peripheral: входов 1, выходов 4; вход 53000.00, выход 1933000.00 KZT; сильные правила не выполнены."
100000001952325100,terminal,1.0,22,0.285101,Гипотеза terminal: наблюдаемый выход/вход 0.000 ≤ 0.2; вход 77888.00 KZT; вне границы обхода.
100000001953577100,terminal,1.0,22,0.256713,Гипотеза terminal: наблюдаемый выход/вход 0.000 ≤ 0.2; вход 15600.00 KZT; вне границы обхода.
100000001954534100,peripheral,0.2,0,0.400028,"Гипотеза peripheral: входов 1, выходов 1; вход 13000.00, выход 40000.00 KZT; сильные правила не выполнены."
100000001954903100,terminal,1.0,11,0.266475,Гипотеза terminal: наблюдаемый выход/вход 0.000 ≤ 0.2; вход 27118.00 KZT; вне границы обхода.
100000001957974100,peripheral,0.2,40,0.417926,"Гипотеза peripheral: входов 1, выходов 0; вход 500000.00, выход 0.00 KZT; сильные правила не выполнены."
100000001960517100,terminal,1.0,41,0.330998,Гипотеза terminal: наблюдаемый выход/вход 0.000 ≤ 0.2; вход 200000.00 KZT; вне границы обхода.
100000001961048100,terminal,1.0,33,0.396671,Гипотеза terminal: наблюдаемый выход/вход 0.000 ≤ 0.2; вход 150000.00 KZT; вне границы обхода.
100000001965374100,peripheral,0.2,21,0.415478,"Гипотеза peripheral: входов 2, выходов 3; вход 1759720.00, выход 3082100.00 KZT; сильные правила не выполнены."
100000001969496100,terminal,1.0,40,0.363366,Гипотеза terminal: наблюдаемый выход/вход 0.000 ≤ 0.2; вход 22740.00 KZT; вне границы обхода.
100000001985793100,terminal,1.0,41,0.314848,Гипотеза terminal: наблюдаемый выход/вход 0.000 ≤ 0.2; вход 420000.00 KZT; вне границы обхода.
100000001987030100,peripheral,0.2,3,0.415027,"Гипотеза peripheral: входов 2, выходов 1; вход 30864.00, выход 19000.00 KZT; сильные правила не выполнены."
100000001991973100,peripheral,0.2,47,0.261792,"Гипотеза peripheral: входов 1, выходов 0; вход 20800.00, выход 0.00 KZT; сильные правила не выполнены."
100000002015633100,terminal,1.0,10,0.388601,Гипотеза terminal: наблюдаемый выход/вход 0.000 ≤ 0.2; вход 94970.00 KZT; вне границы обхода.
100000002028158100,terminal,1.0,3,0.370878,Гипотеза terminal: наблюдаемый выход/вход 0.000 ≤ 0.2; вход 34800.00 KZT; вне границы обхода.
100000002032323100,peripheral,0.2,4,0.457185,"Гипотеза peripheral: входов 1, выходов 1; вход 300000.00, выход 1050000.00 KZT; сильные правила не выполнены."
100000002087788100,terminal,1.0,10,0.389601,Гипотеза terminal: наблюдаемый выход/вход 0.000 ≤ 0.2; вход 100500.00 KZT; вне границы обхода.
100000002095257100,terminal,1.0,7,0.354491,Гипотеза terminal: наблюдаемый выход/вход 0.000 ≤ 0.2; вход 8500.00 KZT; вне границы обхода.
100000002103448100,terminal,1.0,22,0.266398,Гипотеза terminal: наблюдаемый выход/вход 0.000 ≤ 0.2; вход 27000.00 KZT; вне границы обхода.
100000002109656100,terminal,1.0,24,0.347174,Гипотеза terminal: наблюдаемый выход/вход 0.000 ≤ 0.2; вход 500000.00 KZT; вне границы обхода.
100000002116705100,terminal,1.0,22,0.258843,Гипотеза terminal: наблюдаемый выход/вход 0.000 ≤ 0.2; вход 17600.00 KZT; вне границы обхода.
100000002119762100,peripheral,0.2,10,0.384898,"Гипотеза peripheral: входов 1, выходов 0; вход 77000.00, выход 0.00 KZT; сильные правила не выполнены."
100000002121357100,peripheral,0.2,4,0.457798,"Гипотеза peripheral: входов 2, выходов 1; вход 255300.00, выход 113000.00 KZT; сильные правила не выполнены."
100000002126791100,peripheral,0.2,4,0.451067,"Гипотеза peripheral: входов 1, выходов 0; вход 1313000.00, выход 0.00 KZT; сильные правила не выполнены."
100000002130400100,peripheral,0.2,26,0.248863,"Гипотеза peripheral: входов 1, выходов 0; вход 10000.00, выход 0.00 KZT; сильные правила не выполнены."
100000002132479100,peripheral,0.2,40,0.406982,"Гипотеза peripheral: входов 1, выходов 1; вход 30000.00, выход 20000.00 KZT; сильные правила не выполнены."
100000002152857100,distributor,0.625,41,0.400797,Гипотеза distributor: выход к 5 получателям при 1 плательщиках; выход 1230000.00 KZT.
100000002156381100,peripheral,0.2,53,0.432168,"Гипотеза peripheral: входов 2, выходов 1; вход 61000.00, выход 21800.00 KZT; сильные правила не выполнены."
100000002158488100,terminal,1.0,22,0.269243,Гипотеза terminal: наблюдаемый выход/вход 0.000 ≤ 0.2; вход 31723.00 KZT; вне границы обхода.
100000002170580100,terminal,1.0,11,0.296671,Гипотеза terminal: наблюдаемый выход/вход 0.000 ≤ 0.2; вход 150000.00 KZT; вне границы обхода.
100000002173070100,terminal,1.0,16,0.368258,Гипотеза terminal: наблюдаемый выход/вход 0.000 ≤ 0.2; вход 30000.00 KZT; вне границы обхода.
100000002173161100,consolidator,0.65,16,0.488802,Гипотеза consolidator: вход от 3 плательщиков; 0 получателей; вход 1427500.00 KZT.
100000002175422100,coordinator,0.88,36,0.527755,"Гипотеза coordinator: связь с 7 seed по путям; входов 3, выходов 6; посредничество 0.00014."
100000002182176100,terminal,1.0,0,0.374392,Гипотеза terminal: наблюдаемый выход/вход 0.000 ≤ 0.2; вход 42465.00 KZT; вне границы обхода.
100000002184107100,terminal,1.0,38,0.340039,Гипотеза terminal: наблюдаемый выход/вход 0.000 ≤ 0.2; вход 6066.00 KZT; вне границы обхода.
100000002185328100,peripheral,0.2,32,0.442226,"Гипотеза peripheral: входов 1, выходов 4; вход 15000.00, выход 55000.00 KZT; сильные правила не выполнены."
100000002188586100,peripheral,0.2,18,0.372574,"Гипотеза peripheral: входов 1, выходов 0; вход 38310.00, выход 0.00 KZT; сильные правила не выполнены."
100000002188829100,terminal,1.0,2,0.436958,Гипотеза terminal: наблюдаемый выход/вход 0.000 ≤ 0.2; вход 400000.00 KZT; вне границы обхода.
100000002193259100,peripheral,0.2,7,0.458047,"Гипотеза peripheral: входов 2, выходов 3; вход 48000.00, выход 58000.00 KZT; сильные правила не выполнены."
100000002194320100,peripheral,0.2,45,0.407372,"Гипотеза peripheral: входов 1, выходов 0; вход 275000.00, выход 0.00 KZT; сильные правила не выполнены."
100000002194329100,terminal,1.0,0,0.365159,Гипотеза terminal: наблюдаемый выход/вход 0.000 ≤ 0.2; вход 25170.00 KZT; вне границы обхода.
100000002199091100,terminal,1.0,22,0.281907,Гипотеза terminal: наблюдаемый выход/вход 0.000 ≤ 0.2; вход 65000.00 KZT; вне границы обхода.
100000002205022100,peripheral,0.2,31,0.490721,"Гипотеза peripheral: входов 1, выходов 3; вход 7100.00, выход 518000.00 KZT; сильные правила не выполнены."
100000002208836100,peripheral,0.2,10,0.387652,"Гипотеза peripheral: входов 1, выходов 0; вход 90000.00, выход 0.00 KZT; сильные правила не выполнены."
100000002211413100,terminal,1.0,22,0.27196,Гипотеза terminal: наблюдаемый выход/вход 0.000 ≤ 0.2; вход 37000.00 KZT; вне границы обхода.
100000002212494100,terminal,1.0,36,0.39781,Гипотеза terminal: наблюдаемый выход/вход 0.000 ≤ 0.2; вход 160000.00 KZT; вне границы обхода.
100000002214207100,peripheral,0.2,26,0.288975,"Гипотеза peripheral: входов 1, выходов 0; вход 97000.00, выход 0.00 KZT; сильные правила не выполнены."
100000002214301100,peripheral,0.2,0,0.391702,"Гипотеза peripheral: входов 1, выходов 1; вход 21438.00, выход 8000.00 KZT; сильные правила не выполнены."
100000002214383100,peripheral,0.2,22,0.302861,"Гипотеза peripheral: входов 1, выходов 0; вход 213000.00, выход 0.00 KZT; сильные правила не выполнены."
100000002214570100,terminal,1.0,22,0.266048,Гипотеза terminal: наблюдаемый выход/вход 0.000 ≤ 0.2; вход 26471.00 KZT; вне границы обхода.
100000002214664100,peripheral,0.2,22,0.307833,"Гипотеза peripheral: входов 1, выходов 1; вход 7950.00, выход 76950.00 KZT; сильные правила не выполнены."
100000002216999100,terminal,1.0,22,0.264079,Гипотеза terminal: наблюдаемый выход/вход 0.000 ≤ 0.2; вход 23677.00 KZT; вне границы обхода.
100000002217161100,distributor,0.675,38,0.524401,Гипотеза distributor: выход к 7 получателям при 2 плательщиках; выход 995132.00 KZT.
100000002217806100,peripheral,0.2,19,0.378958,"Гипотеза peripheral: входов 1, выходов 0; вход 55000.00, выход 0.00 KZT; сильные правила не выполнены."
100000002224132100,peripheral,0.2,21,0.492623,"Гипотеза peripheral: входов 5, выходов 4; вход 3951020.00, выход 12115000.00 KZT; сильные правила не выполнены."
100000002227960100,peripheral,0.2,32,0.348863,"Гипотеза peripheral: входов 1, выходов 0; вход 10000.00, выход 0.00 KZT; сильные правила не выполнены."
100000002227989100,peripheral,0.2,32,0.3611,"Гипотеза peripheral: входов 1, выходов 0; вход 20000.00, выход 0.00 KZT; сильные правила не выполнены."
100000002229615100,peripheral,0.2,32,0.365039,"Гипотеза peripheral: входов 1, выходов 0; вход 25000.00, выход 0.00 KZT; сильные правила не выполнены."
100000002231144100,peripheral,0.2,32,0.356021,"Гипотеза peripheral: входов 1, выходов 0; вход 15000.00, выход 0.00 KZT; сильные правила не выполнены."
100000002232266100,terminal,1.0,8,0.375416,Гипотеза terminal: наблюдаемый выход/вход 0.000 ≤ 0.2; вход 45000.00 KZT; вне границы обхода.
100000002236528100,terminal,1.0,1,0.382177,Гипотеза terminal: наблюдаемый выход/вход 0.000 ≤ 0.2; вход 66000.00 KZT; вне границы обхода.
100000002241986100,distributor,0.65,30,0.527143,Гипотеза distributor: выход к 6 получателям при 1 плательщиках; выход 3077000.00 KZT.
100000002242066100,peripheral,0.2,38,0.380494,"Гипотеза peripheral: входов 1, выходов 0; вход 60000.00, выход 0.00 KZT; сильные правила не выполнены."
100000002242455100,peripheral,0.2,10,0.391195,"Гипотеза peripheral: входов 1, выходов 0; вход 110000.00, выход 0.00 KZT; сильные правила не выполнены."
100000002243354100,terminal,1.0,22,0.261859,Гипотеза terminal: наблюдаемый выход/вход 0.000 ≤ 0.2; вход 20879.00 KZT; вне границы обхода.
100000002255058100,terminal,1.0,2,0.317623,Гипотеза terminal: наблюдаемый выход/вход 0.000 ≤ 0.2; вход 491500.00 KZT; вне границы обхода.
100000002257794100,terminal,1.0,34,0.297135,Гипотеза terminal: наблюдаемый выход/вход 0.000 ≤ 0.2; вход 154000.00 KZT; вне границы обхода.
100000002258492100,peripheral,0.2,49,0.3555,"Гипотеза peripheral: входов 1, выходов 0; вход 9000.00, выход 0.00 KZT; сильные правила не выполнены."
100000002267998100,peripheral,0.2,29,0.496751,"Гипотеза peripheral: входов 2, выходов 3; вход 420000.00, выход 1115000.00 KZT; сильные правила не выполнены."
100000002284426100,terminal,1.0,10,0.387652,Гипотеза terminal: наблюдаемый выход/вход 0.000 ≤ 0.2; вход 90000.00 KZT; вне границы обхода.
100000002289937100,terminal,1.0,22,0.2611,Гипотеза terminal: наблюдаемый выход/вход 0.000 ≤ 0.2; вход 20000.00 KZT; вне границы обхода.
100000002293421100,transit,0.853659,0,0.435701,"Гипотеза transit: входов 2, выходов 2; наблюдаемый выход/вход 1.146; вход 41000.00 KZT."
100000002299948100,terminal,1.0,42,0.350422,Гипотеза terminal: наблюдаемый выход/вход 0.000 ≤ 0.2; вход 6750.00 KZT; вне границы обхода.
100000002301828100,terminal,1.0,28,0.376175,Гипотеза terminal: наблюдаемый выход/вход 0.000 ≤ 0.2; вход 46977.00 KZT; вне границы обхода.
100000002304943100,peripheral,0.2,32,0.356021,"Гипотеза peripheral: входов 1, выходов 0; вход 15000.00, выход 0.00 KZT; сильные правила не выполнены."
100000002305007100,terminal,1.0,22,0.279276,Гипотеза terminal: наблюдаемый выход/вход 0.000 ≤ 0.2; вход 56000.00 KZT; вне границы обхода.
100000002305477100,peripheral,0.2,32,0.3611,"Гипотеза peripheral: входов 1, выходов 0; вход 20000.00, выход 0.00 KZT; сильные правила не выполнены."
100000002306369100,distributor,0.65,2,0.484585,Гипотеза distributor: выход к 6 получателям при 1 плательщиках; выход 260900.00 KZT.
100000002308091100,terminal,1.0,24,0.300536,Гипотеза terminal: наблюдаемый выход/вход 0.000 ≤ 0.2; вход 186720.00 KZT; вне границы обхода.
100000002320495100,peripheral,0.2,28,0.354195,"Гипотеза peripheral: входов 1, выходов 0; вход 13526.27, выход 0.00 KZT; сильные правила не выполнены."
100000002324543100,terminal,1.0,4,0.268376,Гипотеза terminal: наблюдаемый выход/вход 0.000 ≤ 0.2; вход 30202.00 KZT; вне границы обхода.
100000002335358100,terminal,1.0,16,0.395453,Гипотеза terminal: наблюдаемый выход/вход 0.000 ≤ 0.2; вход 140000.00 KZT; вне границы обхода.
100000002340562100,terminal,1.0,1,0.271792,Гипотеза terminal: наблюдаемый выход/вход 0.000 ≤ 0.2; вход 36650.00 KZT; вне границы обхода.
100000002343825100,coordinator,0.92,4,0.482654,"Гипотеза coordinator: связь с 8 seed по путям; входов 3, выходов 2; посредничество 0.00003."
100000002346166100,terminal,1.0,22,0.239846,Гипотеза terminal: наблюдаемый выход/вход 0.000 ≤ 0.2; вход 6000.00 KZT; вне границы обхода.
100000002356167100,terminal,0.754167,10,0.44785,Гипотеза terminal: наблюдаемый выход/вход 0.098 ≤ 0.2; вход 300000.00 KZT; вне границы обхода.
100000002369443100,terminal,1.0,22,0.277276,Гипотеза terminal: наблюдаемый выход/вход 0.000 ≤ 0.2; вход 50000.00 KZT; вне границы обхода.
100000002369454100,peripheral,0.2,8,0.365039,"Гипотеза peripheral: входов 1, выходов 0; вход 25000.00, выход 0.00 KZT; сильные правила не выполнены."
100000002369510100,terminal,1.0,22,0.272031,Гипотеза terminal: наблюдаемый выход/вход 0.000 ≤ 0.2; вход 37150.00 KZT; вне границы обхода.
100000002369874100,consolidator,0.7,4,0.485173,Гипотеза consolidator: вход от 4 плательщиков; 0 получателей; вход 600000.00 KZT.
100000002371751100,peripheral,0.2,37,0.337276,"Гипотеза peripheral: входов 1, выходов 1; вход 200000.00, выход 250000.00 KZT; сильные правила не выполнены."
100000002371892100,peripheral,0.2,54,0.37495,"Гипотеза peripheral: входов 1, выходов 0; вход 43830.00, выход 0.00 KZT; сильные правила не выполнены."
100000002373144100,peripheral,0.2,0,0.401384,"Гипотеза peripheral: входов 1, выходов 1; вход 46468.00, выход 10764.00 KZT; сильные правила не выполнены."
100000002373386100,terminal,1.0,22,0.264318,Гипотеза terminal: наблюдаемый выход/вход 0.000 ≤ 0.2; вход 24000.00 KZT; вне границы обхода.
100000002380341100,terminal,1.0,0,0.379763,Гипотеза terminal: наблюдаемый выход/вход 0.000 ≤ 0.2; вход 57566.40 KZT; вне границы обхода.
100000002391278100,peripheral,0.2,41,0.307369,"Гипотеза peripheral: входов 1, выходов 1; вход 30000.00, выход 52700.00 KZT; сильные правила не выполнены."
100000002394199100,peripheral,0.2,1,0.333049,"Гипотеза peripheral: входов 1, выходов 1; вход 277398.00, выход 76777.00 KZT; сильные правила не выполнены."
100000002398779100,consolidator,1.0,0,0.546809,Гипотеза consolidator: вход от 13 плательщиков; 1 получателей; вход 1095690.00 KZT.
100000002404112100,peripheral,0.2,14,0.380494,"Гипотеза peripheral: входов 1, выходов 0; вход 60000.00, выход 0.00 KZT; сильные правила не выполнены."
100000002432143100,terminal,1.0,2,0.401956,Гипотеза terminal: наблюдаемый выход/вход 0.000 ≤ 0.2; вход 81310.00 KZT; вне границы обхода.
100000002433697100,transit,0.846154,10,0.426692,"Гипотеза transit: входов 1, выходов 1; наблюдаемый выход/вход 0.846; вход 130000.00 KZT."
100000002435265100,terminal,1.0,0,0.394498,Гипотеза terminal: наблюдаемый выход/вход 0.000 ≤ 0.2; вход 132628.00 KZT; вне границы обхода.
100000002443664100,consolidator,0.65,24,0.472184,Гипотеза consolidator: вход от 3 плательщиков; 0 получателей; вход 556880.00 KZT.
100000002445750100,terminal,0.642857,0,0.407297,Гипотеза terminal: наблюдаемый выход/вход 0.143 ≤ 0.2; вход 70000.00 KZT; вне границы обхода.
100000002448088100,consolidator,0.65,32,0.423861,Гипотеза consolidator: вход от 3 плательщиков; 1 получателей; вход 20000.00 KZT.
100000002454724100,terminal,1.0,33,0.393452,Гипотеза terminal: наблюдаемый выход/вход 0.000 ≤ 0.2; вход 125000.00 KZT; вне границы обхода.
100000002457464100,terminal,1.0,2,0.390845,Гипотеза terminal: наблюдаемый выход/вход 0.000 ≤ 0.2; вход 66647.00 KZT; вне границы обхода.
100000002459093100,terminal,0.725,41,0.340979,Гипотеза terminal: наблюдаемый выход/вход 0.110 ≤ 0.2; вход 500000.00 KZT; вне границы обхода.
100000002459163100,terminal,1.0,39,0.261258,Гипотеза terminal: наблюдаемый выход/вход 0.000 ≤ 0.2; вход 20180.00 KZT; вне границы обхода.
100000002459164100,terminal,1.0,0,0.3611,Гипотеза terminal: наблюдаемый выход/вход 0.000 ≤ 0.2; вход 20000.00 KZT; вне границы обхода.
100000002459240100,terminal,1.0,10,0.396671,Гипотеза terminal: наблюдаемый выход/вход 0.000 ≤ 0.2; вход 150000.00 KZT; вне границы обхода.
100000002459832100,terminal,1.0,35,0.449129,Гипотеза terminal: наблюдаемый выход/вход 0.000 ≤ 0.2; вход 880606.00 KZT; вне границы обхода.
100000002462183100,terminal,1.0,55,0.290789,Гипотеза terminal: наблюдаемый выход/вход 0.000 ≤ 0.2; вход 107500.00 KZT; вне границы обхода.
100000002469065100,terminal,1.0,16,0.401749,Гипотеза terminal: наблюдаемый выход/вход 0.000 ≤ 0.2; вход 200000.00 KZT; вне границы обхода.
100000002472632100,terminal,0.900478,13,0.455472,Гипотеза terminal: наблюдаемый выход/вход 0.040 ≤ 0.2; вход 502400.00 KZT; вне границы обхода.
100000002474570100,peripheral,0.2,47,0.241925,"Гипотеза peripheral: входов 1, выходов 0; вход 6750.00, выход 0.00 KZT; сильные правила не выполнены."
100000002475601100,terminal,1.0,35,0.304393,Гипотеза terminal: наблюдаемый выход/вход 0.000 ≤ 0.2; вход 232301.00 KZT; вне границы обхода.
100000002478829100,peripheral,0.2,32,0.370467,"Гипотеза peripheral: входов 1, выходов 0; вход 34000.00, выход 0.00 KZT; сильные правила не выполнены."
100000002479804100,peripheral,0.2,2,0.322117,"Гипотеза peripheral: входов 1, выходов 2; вход 46000.00, выход 35300.00 KZT; сильные правила не выполнены."
100000002480800100,terminal,1.0,2,0.464398,Гипотеза terminal: наблюдаемый выход/вход 0.000 ≤ 0.2; вход 569251.00 KZT; вне границы обхода.
100000002481735100,terminal,1.0,16,0.363129,Гипотеза terminal: наблюдаемый выход/вход 0.000 ≤ 0.2; вход 22436.00 KZT; вне границы обхода.
100000002481974100,peripheral,0.2,8,0.463271,"Гипотеза peripheral: входов 2, выходов 2; вход 89447.00, выход 318000.00 KZT; сильные правила не выполнены."
100000002487222100,peripheral,0.2,10,0.387652,"Гипотеза peripheral: входов 1, выходов 0; вход 90000.00, выход 0.00 KZT; сильные правила не выполнены."
100000002488629100,terminal,1.0,41,0.283969,Гипотеза terminal: наблюдаемый выход/вход 0.000 ≤ 0.2; вход 73050.00 KZT; вне границы обхода.
100000002489253100,terminal,1.0,16,0.377625,Гипотеза terminal: наблюдаемый выход/вход 0.000 ≤ 0.2; вход 51000.00 KZT; вне границы обхода.
100000002492277100,terminal,1.0,2,0.395262,Гипотеза terminal: наблюдаемый выход/вход 0.000 ≤ 0.2; вход 138500.00 KZT; вне границы обхода.
100000002505277100,peripheral,0.2,0,0.380494,"Гипотеза peripheral: входов 1, выходов 0; вход 60000.00, выход 0.00 KZT; сильные правила не выполнены."
100000002506987100,peripheral,0.2,18,0.367165,"Гипотеза peripheral: входов 1, выходов 0; вход 28200.00, выход 0.00 KZT; сильные правила не выполнены."
100000002508637100,terminal,0.934728,35,0.331049,Гипотеза terminal: наблюдаемый выход/вход 0.026 ≤ 0.2; вход 306410.00 KZT; вне границы обхода.
100000002509598100,terminal,1.0,24,0.338479,Гипотеза terminal: наблюдаемый выход/вход 0.000 ≤ 0.2; вход 305550.00 KZT; вне границы обхода.
100000002511581100,terminal,1.0,22,0.258843,Гипотеза terminal: наблюдаемый выход/вход 0.000 ≤ 0.2; вход 17600.00 KZT; вне границы обхода.
100000002511825100,terminal,1.0,0,0.381907,Гипотеза terminal: наблюдаемый выход/вход 0.000 ≤ 0.2; вход 65000.00 KZT; вне границы обхода.
100000002512742100,peripheral,0.2,47,0.239846,"Гипотеза peripheral: входов 1, выходов 0; вход 6000.00, выход 0.00 KZT; сильные правила не выполнены."
100000002513028100,peripheral,0.2,56,0.460704,"Гипотеза peripheral: входов 1, выходов 3; вход 9500.00, выход 332709.00 KZT; сильные правила не выполнены."
100000002514975100,peripheral,0.2,14,0.359161,"Гипотеза peripheral: входов 1, выходов 0; вход 17920.00, выход 0.00 KZT; сильные правила не выполнены."
100000002516862100,peripheral,0.2,56,0.385946,"Гипотеза peripheral: входов 1, выходов 0; вход 81710.00, выход 0.00 KZT; сильные правила не выполнены."
100000002521039100,terminal,1.0,0,0.411597,Гипотеза terminal: наблюдаемый выход/вход 0.000 ≤ 0.2; вход 349370.00 KZT; вне границы обхода.
100000002527114100,distributor,1.0,22,0.513815,Гипотеза distributor: выход к 111 получателям при 3 плательщиках; выход 3289249.00 KZT.
100000002528544100,terminal,1.0,35,0.301112,Гипотеза terminal: наблюдаемый выход/вход 0.000 ≤ 0.2; вход 192912.00 KZT; вне границы обхода.
100000002528978100,peripheral,0.2,18,0.35705,"Гипотеза peripheral: входов 1, выходов 0; вход 15900.00, выход 0.00 KZT; сильные правила не выполнены."
100000002529877100,peripheral,0.2,24,0.412866,"Гипотеза peripheral: входов 1, выходов 0; вход 232000.00, выход 0.00 KZT; сильные правила не выполнены."
100000002529880100,terminal,1.0,4,0.42602,Гипотеза terminal: наблюдаемый выход/вход 0.000 ≤ 0.2; вход 147000.00 KZT; вне границы обхода.
100000002530224100,terminal,1.0,4,0.407767,Гипотеза terminal: наблюдаемый выход/вход 0.000 ≤ 0.2; вход 113000.00 KZT; вне границы обхода.
100000002531406100,transit,0.961538,35,0.351826,"Гипотеза transit: входов 1, выходов 1; наблюдаемый выход/вход 0.962; вход 520000.00 KZT."
100000002534091100,terminal,1.0,8,0.362942,Гипотеза terminal: наблюдаемый выход/вход 0.000 ≤ 0.2; вход 22200.00 KZT; вне границы обхода.
100000002537811100,peripheral,0.2,11,0.433414,"Гипотеза peripheral: входов 1, выходов 1; вход 52000.00, выход 15000.00 KZT; сильные правила не выполнены."
100000002539625100,terminal,1.0,4,0.404648,Гипотеза terminal: наблюдаемый выход/вход 0.000 ≤ 0.2; вход 94700.00 KZT; вне границы обхода.
100000002540033100,peripheral,0.2,46,0.36496,"Гипотеза peripheral: входов 1, выходов 0; вход 10000.00, выход 0.00 KZT; сильные правила не выполнены."
100000002540623100,terminal,1.0,11,0.289512,Гипотеза terminal: наблюдаемый выход/вход 0.000 ≤ 0.2; вход 100000.00 KZT; вне границы обхода.
100000002546921100,terminal,1.0,40,0.3611,Гипотеза terminal: наблюдаемый выход/вход 0.000 ≤ 0.2; вход 20000.00 KZT; вне границы обхода.
100000002547110100,consolidator,0.8,4,0.511351,Гипотеза consolidator: вход от 6 плательщиков; 0 получателей; вход 1500000.00 KZT.
100000002548759100,terminal,1.0,4,0.450154,Гипотеза terminal: наблюдаемый выход/вход 0.000 ≤ 0.2; вход 375000.00 KZT; вне границы обхода.
100000002550141100,terminal,1.0,8,0.389616,Гипотеза terminal: наблюдаемый выход/вход 0.000 ≤ 0.2; вход 100586.00 KZT; вне границы обхода.
100000002554175100,terminal,1.0,18,0.364769,Гипотеза terminal: наблюдаемый выход/вход 0.000 ≤ 0.2; вход 24621.00 KZT; вне границы обхода.
100000002556775100,terminal,1.0,10,0.408908,Гипотеза terminal: наблюдаемый выход/вход 0.000 ≤ 0.2; вход 300000.00 KZT; вне границы обхода.
100000002558173100,terminal,1.0,42,0.356079,Гипотеза terminal: наблюдаемый выход/вход 0.000 ≤ 0.2; вход 9300.00 KZT; вне границы обхода.
100000002559089100,terminal,1.0,24,0.461547,Гипотеза terminal: наблюдаемый выход/вход 0.000 ≤ 0.2; вход 715000.00 KZT; вне границы обхода.
100000002565277100,terminal,1.0,2,0.440298,Гипотеза terminal: наблюдаемый выход/вход 0.000 ≤ 0.2; вход 483319.00 KZT; вне границы обхода.
100000002566204100,terminal,1.0,11,0.28575,Гипотеза terminal: наблюдаемый выход/вход 0.000 ≤ 0.2; вход 80805.00 KZT; вне границы обхода.
100000002567887100,terminal,1.0,10,0.377596,Гипотеза terminal: наблюдаемый выход/вход 0.000 ≤ 0.2; вход 50915.00 KZT; вне границы обхода.
100000002570206100,terminal,1.0,28,0.419772,Гипотеза terminal: наблюдаемый выход/вход 0.000 ≤ 0.2; вход 166959.60 KZT; вне границы обхода.
100000002575080100,transit,0.961538,3,0.387112,"Гипотеза transit: входов 1, выходов 1; наблюдаемый выход/вход 0.962; вход 13000.00 KZT."
100000002578405100,distributor,1.0,22,0.56969,Гипотеза distributor: выход к 116 получателям при 2 плательщиках; выход 3108352.00 KZT.
100000002578653100,terminal,1.0,57,0.3611,Гипотеза terminal: наблюдаемый выход/вход 0.000 ≤ 0.2; вход 20000.00 KZT; вне границы обхода.
100000002580377100,terminal,0.668874,16,0.396234,Гипотеза terminal: наблюдаемый выход/вход 0.132 ≤ 0.2; вход 37750.00 KZT; вне границы обхода.
100000002581346100,terminal,1.0,10,0.398502,Гипотеза terminal: наблюдаемый выход/вход 0.000 ≤ 0.2; вход 166400.00 KZT; вне границы обхода.
100000002589019100,terminal,1.0,7,0.270832,Гипотеза terminal: наблюдаемый выход/вход 0.000 ≤ 0.2; вход 34710.00 KZT; вне границы обхода.
100000002591469100,terminal,1.0,1,0.304647,Гипотеза terminal: наблюдаемый выход/вход 0.000 ≤ 0.2; вход 235670.00 KZT; вне границы обхода.
100000002592567100,peripheral,0.2,16,0.43121,"Гипотеза peripheral: входов 1, выходов 2; вход 5297.00, выход 48600.00 KZT; сильные правила не выполнены."
100000002593038100,terminal,1.0,7,0.375848,Гипотеза terminal: наблюдаемый выход/вход 0.000 ≤ 0.2; вход 28500.00 KZT; вне границы обхода.
100000002593344100,terminal,1.0,4,0.452611,Гипотеза terminal: наблюдаемый выход/вход 0.000 ≤ 0.2; вход 431000.00 KZT; вне границы обхода.
100000002594214100,peripheral,0.2,30,0.430163,"Гипотеза peripheral: входов 1, выходов 0; вход 1000000.00, выход 0.00 KZT; сильные правила не выполнены."
100000002596035100,terminal,1.0,11,0.412833,Гипотеза terminal: наблюдаемый выход/вход 0.000 ≤ 0.2; вход 231570.00 KZT; вне границы обхода.
100000002596039100,peripheral,0.2,8,0.40769,"Гипотеза peripheral: входов 1, выходов 0; вход 280000.00, выход 0.00 KZT; сильные правила не выполнены."
100000002597003100,peripheral,0.2,0,0.389199,"Гипотеза peripheral: входов 1, выходов 1; вход 17700.00, выход 11000.00 KZT; сильные правила не выполнены."
100000002597074100,peripheral,0.2,0,0.344924,"Гипотеза peripheral: входов 1, выходов 0; вход 8000.00, выход 0.00 KZT; сильные правила не выполнены."
100000002597623100,terminal,1.0,0,0.357616,Гипотеза terminal: наблюдаемый выход/вход 0.000 ≤ 0.2; вход 16418.00 KZT; вне границы обхода.
100000002599729100,peripheral,0.2,0,0.381907,"Гипотеза peripheral: входов 1, выходов 0; вход 65000.00, выход 0.00 KZT; сильные правила не выполнены."
100000002600345100,terminal,1.0,16,0.399314,Гипотеза terminal: наблюдаемый выход/вход 0.000 ≤ 0.2; вход 52400.00 KZT; вне границы обхода.
100000002603371100,terminal,1.0,0,0.347582,Гипотеза terminal: наблюдаемый выход/вход 0.000 ≤ 0.2; вход 9300.00 KZT; вне границы обхода.
100000002603478100,terminal,1.0,7,0.263947,Гипотеза terminal: наблюдаемый выход/вход 0.000 ≤ 0.2; вход 23500.00 KZT; вне границы обхода.
100000002603769100,consolidator,0.65,0,0.469424,Гипотеза consolidator: вход от 3 плательщиков; 0 получателей; вход 1185368.00 KZT.
100000002605184100,terminal,1.0,3,0.395453,Гипотеза terminal: наблюдаемый выход/вход 0.000 ≤ 0.2; вход 140000.00 KZT; вне границы обхода.
100000002605308100,consolidator,0.65,40,0.512331,Гипотеза consolidator: вход от 3 плательщиков; 0 получателей; вход 2569521.84 KZT.
100000002605548100,terminal,1.0,11,0.43642,Гипотеза terminal: наблюдаемый выход/вход 0.000 ≤ 0.2; вход 116695.00 KZT; вне границы обхода.
100000002606567100,peripheral,0.2,0,0.404191,"Гипотеза peripheral: входов 1, выходов 1; вход 14095.00, выход 53000.00 KZT; сильные правила не выполнены."
100000002609774100,peripheral,0.2,18,0.400137,"Гипотеза peripheral: входов 1, выходов 1; вход 7700.00, выход 27500.00 KZT; сильные правила не выполнены."
100000002611334100,peripheral,0.2,0,0.403299,"Гипотеза peripheral: входов 1, выходов 1; вход 48288.00, выход 15500.00 KZT; сильные правила не выполнены."
100000002612809100,peripheral,0.2,26,0.344087,"Гипотеза peripheral: входов 1, выходов 3; вход 30000.00, выход 114000.00 KZT; сильные правила не выполнены."
100000002613776100,terminal,1.0,2,0.368258,Гипотеза terminal: наблюдаемый выход/вход 0.000 ≤ 0.2; вход 30000.00 KZT; вне границы обхода.
100000002613929100,terminal,1.0,4,0.375885,Гипотеза terminal: наблюдаемый выход/вход 0.000 ≤ 0.2; вход 28560.00 KZT; вне границы обхода.
100000002614095100,terminal,1.0,22,0.237657,Гипотеза terminal: наблюдаемый выход/вход 0.000 ≤ 0.2; вход 5300.00 KZT; вне границы обхода.
100000002615479100,terminal,1.0,4,0.303432,Гипотеза terminal: наблюдаемый выход/вход 0.000 ≤ 0.2; вход 220000.00 KZT; вне границы обхода.
100000002618492100,terminal,1.0,11,0.438407,Гипотеза terminal: наблюдаемый выход/вход 0.000 ≤ 0.2; вход 296500.00 KZT; вне границы обхода.
100000002621434100,terminal,1.0,4,0.401889,Гипотеза terminal: наблюдаемый выход/вход 0.000 ≤ 0.2; вход 81000.00 KZT; вне границы обхода.
100000002621915100,terminal,1.0,16,0.336628,Гипотеза terminal: наблюдаемый выход/вход 0.000 ≤ 0.2; вход 5000.00 KZT; вне границы обхода.
100000002621949100,terminal,1.0,2,0.421283,Гипотеза terminal: наблюдаемый выход/вход 0.000 ≤ 0.2; вход 164612.00 KZT; вне границы обхода.
100000002622822100,peripheral,0.2,46,0.441181,"Гипотеза peripheral: входов 1, выходов 0; вход 750000.00, выход 0.00 KZT; сильные правила не выполнены."
100000002628146100,terminal,1.0,42,0.377046,Гипотеза terminal: наблюдаемый выход/вход 0.000 ≤ 0.2; вход 30500.00 KZT; вне границы обхода.
100000002628576100,peripheral,0.2,10,0.483298,"Гипотеза peripheral: входов 2, выходов 2; вход 727882.00, выход 539000.00 KZT; сильные правила не выполнены."
100000002632742100,terminal,1.0,4,0.434341,Гипотеза terminal: наблюдаемый выход/вход 0.000 ≤ 0.2; вход 235500.00 KZT; вне границы обхода.
100000002633108100,terminal,1.0,40,0.410047,Гипотеза terminal: наблюдаемый выход/вход 0.000 ≤ 0.2; вход 320000.00 KZT; вне границы обхода.
100000002633701100,terminal,1.0,4,0.30684,Гипотеза terminal: наблюдаемый выход/вход 0.000 ≤ 0.2; вход 266850.00 KZT; вне границы обхода.
100000002635746100,peripheral,0.2,47,0.237657,"Гипотеза peripheral: входов 1, выходов 0; вход 5300.00, выход 0.00 KZT; сильные правила не выполнены."
100000002635780100,terminal,1.0,1,0.414234,Гипотеза terminal: наблюдаемый выход/вход 0.000 ≤ 0.2; вход 163000.02 KZT; вне границы обхода.
100000002644285100,terminal,1.0,24,0.347174,Гипотеза terminal: наблюдаемый выход/вход 0.000 ≤ 0.2; вход 500000.00 KZT; вне границы обхода.
100000002645046100,peripheral,0.2,47,0.252082,"Гипотеза peripheral: входов 1, выходов 0; вход 12000.00, выход 0.00 KZT; сильные правила не выполнены."
100000002645609100,consolidator,0.7,0,0.467438,Гипотеза consolidator: вход от 4 плательщиков; 0 получателей; вход 546820.68 KZT.
100000002645993100,distributor,0.625,0,0.46996,Гипотеза distributor: выход к 5 получателям при 2 плательщиках; выход 86980.00 KZT.
100000002646745100,terminal,1.0,22,0.252518,Гипотеза terminal: наблюдаемый выход/вход 0.000 ≤ 0.2; вход 12300.00 KZT; вне границы обхода.
100000002646887100,terminal,1.0,4,0.364577,Гипотеза terminal: наблюдаемый выход/вход 0.000 ≤ 0.2; вход 24354.00 KZT; вне границы обхода.
100000002648315100,peripheral,0.2,1,0.338701,"Гипотеза peripheral: входов 1, выходов 2; вход 132000.00, выход 76000.00 KZT; сильные правила не выполнены."
100000002653187100,peripheral,0.2,7,0.364517,"Гипотеза peripheral: входов 1, выходов 0; вход 15000.00, выход 0.00 KZT; сильные правила не выполнены."
100000002653948100,terminal,1.0,10,0.386685,Гипотеза terminal: наблюдаемый выход/вход 0.000 ≤ 0.2; вход 85200.00 KZT; вне границы обхода.
100000002659103100,peripheral,0.2,50,0.398353,"Гипотеза peripheral: входов 1, выходов 0; вход 165000.00, выход 0.00 KZT; сильные правила не выполнены."
100000002659265100,peripheral,0.2,4,0.404075,"Гипотеза peripheral: входов 1, выходов 0; вход 141000.00, выход 0.00 KZT; сильные правила не выполнены."
100000002660298100,peripheral,0.2,18,0.368779,"Гипотеза peripheral: входов 1, выходов 0; вход 30900.00, выход 0.00 KZT; сильные правила не выполнены."
100000002662768100,terminal,1.0,2,0.286497,Гипотеза terminal: наблюдаемый выход/вход 0.000 ≤ 0.2; вход 84300.00 KZT; вне границы обхода.
100000002663511100,terminal,1.0,0,0.406978,Гипотеза terminal: наблюдаемый выход/вход 0.000 ≤ 0.2; вход 268940.00 KZT; вне границы обхода.
100000002666248100,terminal,1.0,2,0.406195,Гипотеза terminal: наблюдаемый выход/вход 0.000 ≤ 0.2; вход 70032.00 KZT; вне границы обхода.
100000002670463100,peripheral,0.2,47,0.269119,"Гипотеза peripheral: входов 1, выходов 0; вход 31500.00, выход 0.00 KZT; сильные правила не выполнены."
100000002670860100,terminal,1.0,24,0.387276,Гипотеза terminal: наблюдаемый выход/вход 0.000 ≤ 0.2; вход 450000.00 KZT; вне границы обхода.
100000002670960100,terminal,1.0,24,0.346465,Гипотеза terminal: наблюдаемый выход/вход 0.000 ≤ 0.2; вход 480310.00 KZT; вне границы обхода.
100000002671326100,peripheral,0.2,4,0.431024,"Гипотеза peripheral: входов 1, выходов 0; вход 1050000.00, выход 0.00 KZT; сильные правила не выполнены."
100000002671806100,terminal,1.0,7,0.252718,Гипотеза terminal: наблюдаемый выход/вход 0.000 ≤ 0.2; вход 12440.00 KZT; вне границы обхода.
100000002677201100,peripheral,0.2,4,0.435022,"Гипотеза peripheral: входов 1, выходов 1; вход 150000.00, выход 87750.00 KZT; сильные правила не выполнены."
100000002679516100,consolidator,0.65,7,0.449151,Гипотеза consolidator: вход от 3 плательщиков; 0 получателей; вход 102335.00 KZT.
100000002680477100,terminal,1.0,24,0.265039,Гипотеза terminal: наблюдаемый выход/вход 0.000 ≤ 0.2; вход 25000.00 KZT; вне границы обхода.
100000002681449100,peripheral,0.2,51,0.452474,"Гипотеза peripheral: входов 2, выходов 2; вход 94638.00, выход 133000.00 KZT; сильные правила не выполнены."
100000002681544100,terminal,1.0,1,0.419678,Гипотеза terminal: наблюдаемый выход/вход 0.000 ≤ 0.2; вход 166072.00 KZT; вне границы обхода.
100000002686226100,peripheral,0.2,28,0.415263,"Гипотеза peripheral: входов 1, выходов 0; вход 430000.00, выход 0.00 KZT; сильные правила не выполнены."
100000002689717100,peripheral,0.2,18,0.37637,"Гипотеза peripheral: входов 1, выходов 0; вход 47500.00, выход 0.00 KZT; сильные правила не выполнены."
100000002691583100,terminal,1.0,14,0.408014,Гипотеза terminal: наблюдаемый выход/вход 0.000 ≤ 0.2; вход 285200.00 KZT; вне границы обхода.
100000002691858100,terminal,1.0,42,0.386294,Гипотеза terminal: наблюдаемый выход/вход 0.000 ≤ 0.2; вход 51500.00 KZT; вне границы обхода.
100000002692044100,terminal,1.0,7,0.288975,Гипотеза terminal: наблюдаемый выход/вход 0.000 ≤ 0.2; вход 97000.00 KZT; вне границы обхода.
100000002692750100,consolidator,0.65,41,0.449376,Гипотеза consolidator: вход от 3 плательщиков; 1 получателей; вход 112830.00 KZT.
100000002695812100,peripheral,0.2,18,0.388607,"Гипотеза peripheral: входов 1, выходов 0; вход 95000.00, выход 0.00 KZT; сильные правила не выполнены."
100000002696152100,peripheral,0.2,53,0.43318,"Гипотеза peripheral: входов 1, выходов 2; вход 21800.00, выход 69000.00 KZT; сильные правила не выполнены."
100000002697752100,terminal,1.0,8,0.422127,Гипотеза terminal: наблюдаемый выход/вход 0.000 ≤ 0.2; вход 190785.00 KZT; вне границы обхода.
100000002700161100,peripheral,0.2,48,0.395861,"Гипотеза peripheral: входов 1, выходов 0; вход 39000.00, выход 0.00 KZT; сильные правила не выполнены."
100000002702968100,peripheral,0.2,18,0.369175,"Гипотеза peripheral: входов 1, выходов 0; вход 31600.00, выход 0.00 KZT; сильные правила не выполнены."
100000002703376100,terminal,1.0,0,0.375995,Гипотеза terminal: наблюдаемый выход/вход 0.000 ≤ 0.2; вход 46501.00 KZT; вне границы обхода.
100000002704875100,consolidator,0.65,8,0.441583,Гипотеза consolidator: вход от 3 плательщиков; 0 получателей; вход 244891.00 KZT.
100000002705460100,terminal,1.0,16,0.388607,Гипотеза terminal: наблюдаемый выход/вход 0.000 ≤ 0.2; вход 95000.00 KZT; вне границы обхода.
100000002706810100,peripheral,0.2,47,0.275416,"Гипотеза peripheral: входов 1, выходов 0; вход 45000.00, выход 0.00 KZT; сильные правила не выполнены."
100000002707106100,peripheral,0.2,40,0.356021,"Гипотеза peripheral: входов 1, выходов 0; вход 15000.00, выход 0.00 KZT; сильные правила не выполнены."
100000002708624100,terminal,1.0,13,0.365039,Гипотеза terminal: наблюдаемый выход/вход 0.000 ≤ 0.2; вход 25000.00 KZT; вне границы обхода.
100000002710570100,terminal,1.0,36,0.40383,Гипотеза terminal: наблюдаемый выход/вход 0.000 ≤ 0.2; вход 225015.00 KZT; вне границы обхода.
100000002712416100,terminal,1.0,24,0.429561,Гипотеза terminal: наблюдаемый выход/вход 0.000 ≤ 0.2; вход 116800.00 KZT; вне границы обхода.
100000002713074100,peripheral,0.2,28,0.469093,"Гипотеза peripheral: входов 2, выходов 1; вход 700000.00, выход 430000.00 KZT; сильные правила не выполнены."
100000002713974100,peripheral,0.2,8,0.377276,"Гипотеза peripheral: входов 1, выходов 0; вход 50000.00, выход 0.00 KZT; сильные правила не выполнены."
100000002718366100,consolidator,0.8,4,0.528145,Гипотеза consolidator: вход от 6 плательщиков; 0 получателей; вход 2525000.00 KZT.
100000002720627100,terminal,1.0,11,0.410184,Гипотеза terminal: наблюдаемый выход/вход 0.000 ≤ 0.2; вход 199300.00 KZT; вне границы обхода.
100000002721825100,terminal,1.0,0,0.350546,Гипотеза terminal: наблюдаемый выход/вход 0.000 ≤ 0.2; вход 11000.00 KZT; вне границы обхода.
100000002722108100,terminal,1.0,24,0.355472,Гипотеза terminal: наблюдаемый выход/вход 0.000 ≤ 0.2; вход 800000.00 KZT; вне границы обхода.
100000002723439100,peripheral,0.2,53,0.367736,"Гипотеза peripheral: входов 1, выходов 0; вход 18000.00, выход 0.00 KZT; сильные правила не выполнены."
100000002723538100,coordinator,0.88,8,0.540407,"Гипотеза coordinator: связь с 7 seed по путям; входов 3, выходов 12; посредничество 0.00029."
100000002723674100,peripheral,0.2,32,0.368258,"Гипотеза peripheral: входов 1, выходов 0; вход 30000.00, выход 0.00 KZT; сильные правила не выполнены."
100000002726055100,peripheral,0.2,32,0.348863,"Гипотеза peripheral: входов 1, выходов 0; вход 10000.00, выход 0.00 KZT; сильные правила не выполнены."
100000002727288100,terminal,1.0,3,0.35716,Гипотеза terminal: наблюдаемый выход/вход 0.000 ≤ 0.2; вход 16000.00 KZT; вне границы обхода.
100000002728246100,peripheral,0.2,10,0.348863,"Гипотеза peripheral: входов 1, выходов 0; вход 10000.00, выход 0.00 KZT; сильные правила не выполнены."
100000002729875100,peripheral,0.2,18,0.384668,"Гипотеза peripheral: входов 1, выходов 0; вход 76000.00, выход 0.00 KZT; сильные правила не выполнены."
100000002731501100,distributor,0.675,34,0.425334,Гипотеза distributor: выход к 7 получателям при 3 плательщиках; выход 833960.00 KZT.
100000002733083100,peripheral,0.2,18,0.356255,"Гипотеза peripheral: входов 1, выходов 0; вход 15200.00, выход 0.00 KZT; сильные правила не выполнены."
100000002733905100,consolidator,0.65,22,0.384082,Гипотеза consolidator: вход от 3 плательщиков; 2 получателей; вход 100000.00 KZT.
100000002734815100,peripheral,0.2,4,0.399691,"Гипотеза peripheral: входов 1, выходов 0; вход 110000.00, выход 0.00 KZT; сильные правила не выполнены."
100000002736033100,peripheral,0.2,28,0.397346,"Гипотеза peripheral: входов 1, выходов 1; вход 34530.00, выход 11000.00 KZT; сильные правила не выполнены."
100000002736316100,consolidator,0.65,0,0.443104,Гипотеза consolidator: вход от 3 плательщиков; 0 получателей; вход 266921.00 KZT.
100000002737980100,terminal,1.0,16,0.369887,Гипотеза terminal: наблюдаемый выход/вход 0.000 ≤ 0.2; вход 32900.00 KZT; вне границы обхода.
100000002738256100,transit,0.834887,58,0.331542,"Гипотеза transit: входов 1, выходов 1; наблюдаемый выход/вход 1.165; вход 150200.00 KZT."
100000002741024100,coordinator,0.88,0,0.530954,"Гипотеза coordinator: связь с 7 seed по путям; входов 5, выходов 6; посредничество 0.00010."
100000002742067100,terminal,1.0,3,0.353124,Гипотеза terminal: наблюдаемый выход/вход 0.000 ≤ 0.2; вход 12730.00 KZT; вне границы обхода.
100000002744581100,terminal,1.0,1,0.252082,Гипотеза terminal: наблюдаемый выход/вход 0.000 ≤ 0.2; вход 12000.00 KZT; вне границы обхода.
100000002748040100,peripheral,0.2,18,0.35924,"Гипотеза peripheral: входов 1, выходов 0; вход 18000.00, выход 0.00 KZT; сильные правила не выполнены."
100000002748180100,distributor,0.7,24,0.407794,Гипотеза distributor: выход к 8 получателям при 1 плательщиках; выход 679743.00 KZT.
100000002748511100,peripheral,0.2,16,0.3611,"Гипотеза peripheral: входов 1, выходов 0; вход 20000.00, выход 0.00 KZT; сильные правила не выполнены."
100000002748532100,coordinator,0.96,46,0.504539,"Гипотеза coordinator: связь с 9 seed по путям; входов 3, выходов 2; посредничество 0.00003."
100000002748581100,terminal,1.0,40,0.373849,Гипотеза terminal: наблюдаемый выход/вход 0.000 ≤ 0.2; вход 41180.00 KZT; вне границы обхода.
100000002748761100,terminal,1.0,24,0.355401,Гипотеза terminal: наблюдаемый выход/вход 0.000 ≤ 0.2; вход 796800.00 KZT; вне границы обхода.
100000002750332100,terminal,1.0,4,0.251114,Гипотеза terminal: наблюдаемый выход/вход 0.000 ≤ 0.2; вход 11360.00 KZT; вне границы обхода.
100000002750956100,terminal,1.0,0,0.376339,Гипотеза terminal: наблюдаемый выход/вход 0.000 ≤ 0.2; вход 47416.00 KZT; вне границы обхода.
100000002752565100,peripheral,0.2,8,0.379589,"Гипотеза peripheral: входов 1, выходов 0; вход 57000.00, выход 0.00 KZT; сильные правила не выполнены."
100000002753146100,terminal,1.0,24,0.35555,Гипотеза terminal: наблюдаемый выход/вход 0.000 ≤ 0.2; вход 803540.00 KZT; вне границы обхода.
100000002755292100,terminal,1.0,10,0.402047,Гипотеза terminal: наблюдаемый выход/вход 0.000 ≤ 0.2; вход 203400.00 KZT; вне границы обхода.
100000002757240100,terminal,1.0,2,0.393785,Гипотеза terminal: наблюдаемый выход/вход 0.000 ≤ 0.2; вход 51183.00 KZT; вне границы обхода.
100000002757791100,terminal,1.0,41,0.283969,Гипотеза terminal: наблюдаемый выход/вход 0.000 ≤ 0.2; вход 73050.00 KZT; вне границы обхода.
100000002757797100,terminal,1.0,7,0.289512,Гипотеза terminal: наблюдаемый выход/вход 0.000 ≤ 0.2; вход 100000.00 KZT; вне границы обхода.
100000002760175100,terminal,1.0,11,0.409098,Гипотеза terminal: наблюдаемый выход/вход 0.000 ≤ 0.2; вход 187410.00 KZT; вне границы обхода.
100000002762076100,peripheral,0.2,1,0.364424,"Гипотеза peripheral: входов 2, выходов 1; вход 140350.00, выход 30000.00 KZT; сильные правила не выполнены."
100000002769809100,terminal,1.0,43,0.391736,Гипотеза terminal: наблюдаемый выход/вход 0.000 ≤ 0.2; вход 113422.00 KZT; вне границы обхода.
100000002773323100,peripheral,0.2,4,0.482072,"Гипотеза peripheral: входов 2, выходов 1; вход 285000.00, выход 1171644.00 KZT; сильные правила не выполнены."
100000002774456100,terminal,1.0,11,0.3859,Гипотеза terminal: наблюдаемый выход/вход 0.000 ≤ 0.2; вход 50363.00 KZT; вне границы обхода.
100000002778085100,terminal,1.0,16,0.382232,Гипотеза terminal: наблюдаемый выход/вход 0.000 ≤ 0.2; вход 66208.00 KZT; вне границы обхода.
100000002779485100,terminal,1.0,8,0.387848,Гипотеза terminal: наблюдаемый выход/вход 0.000 ≤ 0.2; вход 91000.00 KZT; вне границы обхода.
100000002781227100,transit,0.888829,59,0.371613,"Гипотеза transit: входов 2, выходов 3; наблюдаемый выход/вход 1.111; вход 191167.62 KZT."
100000002784085100,terminal,1.0,4,0.301749,Гипотеза terminal: наблюдаемый выход/вход 0.000 ≤ 0.2; вход 200000.00 KZT; вне границы обхода.
100000002791494100,peripheral,0.2,18,0.386821,"Гипотеза peripheral: входов 1, выходов 0; вход 85860.00, выход 0.00 KZT; сильные правила не выполнены."
100000002793851100,terminal,1.0,16,0.350629,Гипотеза terminal: наблюдаемый выход/вход 0.000 ≤ 0.2; вход 11052.00 KZT; вне границы обхода.
100000002793881100,consolidator,0.65,4,0.478258,Гипотеза consolidator: вход от 3 плательщиков; 0 получателей; вход 785600.00 KZT.
100000002794197100,terminal,1.0,1,0.268316,Гипотеза terminal: наблюдаемый выход/вход 0.000 ≤ 0.2; вход 30100.00 KZT; вне границы обхода.
100000002794374100,peripheral,0.2,60,0.407451,"Гипотеза peripheral: входов 1, выходов 0; вход 111000.00, выход 0.00 KZT; сильные правила не выполнены."
100000002796853100,peripheral,0.2,59,0.326555,"Гипотеза peripheral: входов 1, выходов 1; вход 199000.00, выход 46167.62 KZT; сильные правила не выполнены."
100000002799941100,terminal,1.0,43,0.421145,Гипотеза terminal: наблюдаемый выход/вход 0.000 ≤ 0.2; вход 600000.00 KZT; вне границы обхода.
100000002807334100,terminal,1.0,10,0.378866,Гипотеза terminal: наблюдаемый выход/вход 0.000 ≤ 0.2; вход 54715.00 KZT; вне границы обхода.
100000002809568100,terminal,1.0,0,0.348863,Гипотеза terminal: наблюдаемый выход/вход 0.000 ≤ 0.2; вход 10000.00 KZT; вне границы обхода.
100000002809896100,terminal,1.0,18,0.372431,Гипотеза terminal: наблюдаемый выход/вход 0.000 ≤ 0.2; вход 38000.00 KZT; вне границы обхода.
100000002810870100,terminal,1.0,22,0.270299,Гипотеза terminal: наблюдаемый выход/вход 0.000 ≤ 0.2; вход 33677.00 KZT; вне границы обхода.
100000002812641100,peripheral,0.2,4,0.387962,"Гипотеза peripheral: входов 1, выходов 1; вход 10000.00, выход 7023.95 KZT; сильные правила не выполнены."
100000002815005100,terminal,1.0,4,0.425572,Гипотеза terminal: наблюдаемый выход/вход 0.000 ≤ 0.2; вход 476500.00 KZT; вне границы обхода.
100000002818726100,terminal,1.0,12,0.350351,Гипотеза terminal: наблюдаемый выход/вход 0.000 ≤ 0.2; вход 10879.00 KZT; вне границы обхода.
100000002820010100,terminal,1.0,41,0.268258,Гипотеза terminal: наблюдаемый выход/вход 0.000 ≤ 0.2; вход 30000.00 KZT; вне границы обхода.
100000002821425100,terminal,1.0,24,0.33662,Гипотеза terminal: наблюдаемый выход/вход 0.000 ≤ 0.2; вход 275000.00 KZT; вне границы обхода.
100000002822472100,terminal,1.0,24,0.436538,Гипотеза terminal: наблюдаемый выход/вход 0.000 ≤ 0.2; вход 266722.00 KZT; вне границы обхода.
100000002824176100,terminal,1.0,41,0.325198,Гипотеза terminal: наблюдаемый выход/вход 0.000 ≤ 0.2; вход 144000.00 KZT; вне границы обхода.
100000002826669100,terminal,1.0,0,0.397799,Гипотеза terminal: наблюдаемый выход/вход 0.000 ≤ 0.2; вход 159900.00 KZT; вне границы обхода.
100000002830055100,terminal,1.0,22,0.254803,Гипотеза terminal: наблюдаемый выход/вход 0.000 ≤ 0.2; вход 14000.00 KZT; вне границы обхода.
100000002831727100,peripheral,0.2,43,0.407947,"Гипотеза peripheral: входов 1, выходов 1; вход 6000.00, выход 77000.00 KZT; сильные правила не выполнены."
100000002832753100,peripheral,0.2,3,0.352803,"Гипотеза peripheral: входов 1, выходов 0; вход 12500.00, выход 0.00 KZT; сильные правила не выполнены."
100000002835874100,peripheral,0.2,4,0.388604,"Гипотеза peripheral: входов 1, выходов 0; вход 58700.00, выход 0.00 KZT; сильные правила не выполнены."
100000002836052100,terminal,1.0,2,0.385269,Гипотеза terminal: наблюдаемый выход/вход 0.000 ≤ 0.2; вход 15000.00 KZT; вне границы обхода.
100000002836736100,terminal,1.0,41,0.389451,Гипотеза terminal: наблюдаемый выход/вход 0.000 ≤ 0.2; вход 509000.00 KZT; вне границы обхода.
100000002838519100,terminal,1.0,40,0.376146,Гипотеза terminal: наблюдаемый выход/вход 0.000 ≤ 0.2; вход 46900.00 KZT; вне границы обхода.
100000002838861100,consolidator,0.75,4,0.494612,Гипотеза consolidator: вход от 5 плательщиков; 1 получателей; вход 554523.95 KZT.
100000002842321100,terminal,1.0,10,0.39781,Гипотеза terminal: наблюдаемый выход/вход 0.000 ≤ 0.2; вход 160000.00 KZT; вне границы обхода.
100000002842337100,terminal,1.0,1,0.277276,Гипотеза terminal: наблюдаемый выход/вход 0.000 ≤ 0.2; вход 50000.00 KZT; вне границы обхода.
100000002844652100,terminal,1.0,1,0.28089,Гипотеза terminal: наблюдаемый выход/вход 0.000 ≤ 0.2; вход 61360.00 KZT; вне границы обхода.
100000002844897100,terminal,1.0,4,0.250222,Гипотеза terminal: наблюдаемый выход/вход 0.000 ≤ 0.2; вход 10800.00 KZT; вне границы обхода.
100000002845605100,terminal,1.0,0,0.379764,Гипотеза terminal: наблюдаемый выход/вход 0.000 ≤ 0.2; вход 57567.00 KZT; вне границы обхода.
100000002847207100,terminal,1.0,2,0.398868,Гипотеза terminal: наблюдаемый выход/вход 0.000 ≤ 0.2; вход 46243.00 KZT; вне границы обхода.
100000002849158100,consolidator,0.65,4,0.507257,Гипотеза consolidator: вход от 3 плательщиков; 1 получателей; вход 723000.00 KZT.
100000002852402100,terminal,1.0,3,0.378958,Гипотеза terminal: наблюдаемый выход/вход 0.000 ≤ 0.2; вход 55000.00 KZT; вне границы обхода.
100000002858835100,terminal,1.0,22,0.26461,Гипотеза terminal: наблюдаемый выход/вход 0.000 ≤ 0.2; вход 24400.00 KZT; вне границы обхода.
100000002860934100,peripheral,0.2,15,0.407658,"Гипотеза peripheral: входов 1, выходов 0; вход 279500.00, выход 0.00 KZT; сильные правила не выполнены."
100000002861485100,terminal,1.0,16,0.367855,Гипотеза terminal: наблюдаемый выход/вход 0.000 ≤ 0.2; вход 29323.00 KZT; вне границы обхода.
100000002862113100,terminal,1.0,40,0.376335,Гипотеза terminal: наблюдаемый выход/вход 0.000 ≤ 0.2; вход 47405.00 KZT; вне границы обхода.
100000002863356100,peripheral,0.2,22,0.303118,"Гипотеза peripheral: входов 1, выходов 1; вход 45000.00, выход 20000.00 KZT; сильные правила не выполнены."
100000002864256100,terminal,1.0,2,0.417884,Гипотеза terminal: наблюдаемый выход/вход 0.000 ≤ 0.2; вход 135780.00 KZT; вне границы обхода.
100000002864680100,terminal,1.0,7,0.279255,Гипотеза terminal: наблюдаемый выход/вход 0.000 ≤ 0.2; вход 55932.00 KZT; вне границы обхода.
100000002870463100,consolidator,0.65,41,0.451738,Гипотеза consolidator: вход от 3 плательщиков; 1 получателей; вход 207000.00 KZT.
100000002870937100,terminal,1.0,1,0.286371,Гипотеза terminal: наблюдаемый выход/вход 0.000 ≤ 0.2; вход 83700.00 KZT; вне границы обхода.
100000002871199100,terminal,1.0,40,0.363709,Гипотеза terminal: наблюдаемый выход/вход 0.000 ≤ 0.2; вход 23186.00 KZT; вне границы обхода.
100000002872399100,terminal,1.0,1,0.331684,Гипотеза terminal: наблюдаемый выход/вход 0.000 ≤ 0.2; вход 1090000.00 KZT; вне границы обхода.
100000002876914100,peripheral,0.2,47,0.252082,"Гипотеза peripheral: входов 1, выходов 0; вход 12000.00, выход 0.00 KZT; сильные правила не выполнены."
100000002877262100,terminal,1.0,4,0.398009,Гипотеза terminal: наблюдаемый выход/вход 0.000 ≤ 0.2; вход 100000.00 KZT; вне границы обхода.
100000002878467100,terminal,1.0,4,0.431456,Гипотеза terminal: наблюдаемый выход/вход 0.000 ≤ 0.2; вход 200000.00 KZT; вне границы обхода.
100000002878483100,peripheral,0.2,47,0.239846,"Гипотеза peripheral: входов 1, выходов 0; вход 6000.00, выход 0.00 KZT; сильные правила не выполнены."
100000002881669100,terminal,1.0,7,0.259818,Гипотеза terminal: наблюдаемый выход/вход 0.000 ≤ 0.2; вход 18600.00 KZT; вне границы обхода.
100000002883402100,consolidator,0.65,4,0.468138,Гипотеза consolidator: вход от 3 плательщиков; 0 получателей; вход 300000.00 KZT.
100000002884708100,peripheral,0.2,4,0.441456,"Гипотеза peripheral: входов 1, выходов 0; вход 1171644.00, выход 0.00 KZT; сильные правила не выполнены."
100000002886166100,terminal,1.0,34,0.300373,Гипотеза terminal: наблюдаемый выход/вход 0.000 ≤ 0.2; вход 185000.00 KZT; вне границы обхода.
100000002890167100,terminal,1.0,16,0.392457,Гипотеза terminal: наблюдаемый выход/вход 0.000 ≤ 0.2; вход 118150.00 KZT; вне границы обхода.
100000002891765100,terminal,1.0,40,0.379142,Гипотеза terminal: наблюдаемый выход/вход 0.000 ≤ 0.2; вход 55576.00 KZT; вне границы обхода.
100000002893020100,terminal,1.0,18,0.35957,Гипотеза terminal: наблюдаемый выход/вход 0.000 ≤ 0.2; вход 18340.00 KZT; вне границы обхода.
100000002894076100,consolidator,0.7,1,0.503111,Гипотеза consolidator: вход от 4 плательщиков; 0 получателей; вход 1122782.00 KZT.
100000002896506100,peripheral,0.2,10,0.375416,"Гипотеза peripheral: входов 1, выходов 0; вход 45000.00, выход 0.00 KZT; сильные правила не выполнены."
100000002901457100,peripheral,0.2,0,0.466196,"Гипотеза peripheral: входов 1, выходов 3; вход 340000.00, выход 119000.00 KZT; сильные правила не выполнены."
100000002904919100,terminal,0.772068,0,0.403854,Гипотеза terminal: наблюдаемый выход/вход 0.091 ≤ 0.2; вход 60325.00 KZT; вне границы обхода.
100000002906470100,terminal,1.0,43,0.394144,Гипотеза terminal: наблюдаемый выход/вход 0.000 ≤ 0.2; вход 130000.00 KZT; вне границы обхода.
100000002908521100,terminal,1.0,22,0.275218,Гипотеза terminal: наблюдаемый выход/вход 0.000 ≤ 0.2; вход 44500.00 KZT; вне границы обхода.
100000002911170100,terminal,1.0,33,0.408908,Гипотеза terminal: наблюдаемый выход/вход 0.000 ≤ 0.2; вход 300000.00 KZT; вне границы обхода.
100000002913340100,terminal,1.0,22,0.264022,Гипотеза terminal: наблюдаемый выход/вход 0.000 ≤ 0.2; вход 23600.00 KZT; вне границы обхода.
100000002914245100,terminal,1.0,35,0.29553,Гипотеза terminal: наблюдаемый выход/вход 0.000 ≤ 0.2; вход 140611.00 KZT; вне границы обхода.
100000002916006100,peripheral,0.2,49,0.219397,"Гипотеза peripheral: входов 0, выходов 1; вход 0.00, выход 32000.00 KZT; сильные правила не выполнены."
100000002921047100,peripheral,0.2,1,0.47083,"Гипотеза peripheral: входов 2, выходов 1; вход 338000.00, выход 163000.02 KZT; сильные правила не выполнены."
100000002922000100,peripheral,0.2,50,0.415987,"Гипотеза peripheral: входов 1, выходов 0; вход 448000.00, выход 0.00 KZT; сильные правила не выполнены."
100000002926970100,terminal,1.0,18,0.386643,Гипотеза terminal: наблюдаемый выход/вход 0.000 ≤ 0.2; вход 85000.00 KZT; вне границы обхода.
100000002933386100,peripheral,0.2,2,0.40568,"Гипотеза peripheral: входов 1, выходов 1; вход 15000.00, выход 58000.00 KZT; сильные правила не выполнены."
100000002934441100,terminal,1.0,0,0.401952,Гипотеза terminal: наблюдаемый выход/вход 0.000 ≤ 0.2; вход 60845.60 KZT; вне границы обхода.
100000002936322100,terminal,1.0,35,0.447147,Гипотеза terminal: наблюдаемый выход/вход 0.000 ≤ 0.2; вход 787133.00 KZT; вне границы обхода.
100000002938501100,peripheral,0.2,16,0.375636,"Гипотеза peripheral: входов 1, выходов 1; вход 8395.00, выход 5000.00 KZT; сильные правила не выполнены."
100000002939838100,consolidator,0.65,16,0.479508,Гипотеза consolidator: вход от 3 плательщиков; 0 получателей; вход 571233.00 KZT.
100000002941114100,terminal,0.708194,11,0.441159,Гипотеза terminal: наблюдаемый выход/вход 0.117 ≤ 0.2; вход 128510.00 KZT; вне границы обхода.
100000002943472100,terminal,1.0,4,0.407377,Гипотеза terminal: наблюдаемый выход/вход 0.000 ≤ 0.2; вход 170000.00 KZT; вне границы обхода.
100000002945031100,terminal,1.0,12,0.356021,Гипотеза terminal: наблюдаемый выход/вход 0.000 ≤ 0.2; вход 15000.00 KZT; вне границы обхода.
100000002945626100,consolidator,0.65,4,0.473023,Гипотеза consolidator: вход от 3 плательщиков; 0 получателей; вход 584000.00 KZT.
100000002947299100,terminal,1.0,2,0.40274,Гипотеза terminal: наблюдаемый выход/вход 0.000 ≤ 0.2; вход 85000.00 KZT; вне границы обхода.
100000002948492100,terminal,1.0,40,0.364066,Гипотеза terminal: наблюдаемый выход/вход 0.000 ≤ 0.2; вход 23660.00 KZT; вне границы обхода.
100000002951898100,terminal,1.0,40,0.373332,Гипотеза terminal: наблюдаемый выход/вход 0.000 ≤ 0.2; вход 39990.00 KZT; вне границы обхода.
100000002952631100,terminal,1.0,16,0.376573,Гипотеза terminal: наблюдаемый выход/вход 0.000 ≤ 0.2; вход 48050.00 KZT; вне границы обхода.
100000002952756100,terminal,1.0,24,0.276183,Гипотеза terminal: наблюдаемый выход/вход 0.000 ≤ 0.2; вход 47000.00 KZT; вне границы обхода.
100000002954780100,terminal,1.0,4,0.410697,Гипотеза terminal: наблюдаемый выход/вход 0.000 ≤ 0.2; вход 133400.00 KZT; вне границы обхода.
100000002956769100,consolidator,0.65,24,0.47944,Гипотеза consolidator: вход от 3 плательщиков; 0 получателей; вход 840000.00 KZT.
100000002956779100,terminal,1.0,2,0.314465,Гипотеза terminal: наблюдаемый выход/вход 0.000 ≤ 0.2; вход 411000.00 KZT; вне границы обхода.
100000002956898100,terminal,1.0,3,0.429534,Гипотеза terminal: наблюдаемый выход/вход 0.000 ≤ 0.2; вход 290240.00 KZT; вне границы обхода.
100000002957306100,terminal,1.0,11,0.464378,Гипотеза terminal: наблюдаемый выход/вход 0.000 ≤ 0.2; вход 398490.00 KZT; вне границы обхода.
100000002957787100,coordinator,0.88,0,0.694269,"Гипотеза coordinator: связь с 7 seed по путям; входов 4, выходов 34; посредничество 0.00350."
100000002958139100,terminal,1.0,4,0.411065,Гипотеза terminal: наблюдаемый выход/вход 0.000 ≤ 0.2; вход 209500.00 KZT; вне границы обхода.
100000002958286100,terminal,1.0,4,0.306176,Гипотеза terminal: наблюдаемый выход/вход 0.000 ≤ 0.2; вход 257000.00 KZT; вне границы обхода.
100000002958343100,peripheral,0.2,1,0.392132,"Гипотеза peripheral: входов 1, выходов 2; вход 2900000.00, выход 1390000.00 KZT; сильные правила не выполнены."
100000002958345100,terminal,1.0,24,0.338563,Гипотеза terminal: наблюдаемый выход/вход 0.000 ≤ 0.2; вход 307000.00 KZT; вне границы обхода.
100000002963189100,distributor,0.675,40,0.541765,Гипотеза distributor: выход к 7 получателям при 1 плательщиках; выход 5219000.00 KZT.
100000002964966100,terminal,1.0,2,0.410246,Гипотеза terminal: наблюдаемый выход/вход 0.000 ≤ 0.2; вход 200000.00 KZT; вне границы обхода.
100000002968096100,peripheral,0.2,8,0.383216,"Гипотеза peripheral: входов 1, выходов 0; вход 70000.00, выход 0.00 KZT; сильные правила не выполнены."
100000002969048100,terminal,1.0,41,0.290948,Гипотеза terminal: наблюдаемый выход/вход 0.000 ≤ 0.2; вход 108470.00 KZT; вне границы обхода.
100000002970466100,peripheral,0.2,0,0.429467,"Гипотеза peripheral: входов 1, выходов 2; вход 23317.00, выход 93000.00 KZT; сильные правила не выполнены."
100000002971593100,peripheral,0.2,10,0.376937,"Гипотеза peripheral: входов 1, выходов 0; вход 49050.00, выход 0.00 KZT; сильные правила не выполнены."
100000002973903100,consolidator,0.65,7,0.432964,Гипотеза consolidator: вход от 3 плательщиков; 0 получателей; вход 92880.00 KZT.
100000002974256100,terminal,1.0,7,0.243065,Гипотеза terminal: наблюдаемый выход/вход 0.000 ≤ 0.2; вход 7200.00 KZT; вне границы обхода.
100000002975287100,terminal,1.0,28,0.356021,Гипотеза terminal: наблюдаемый выход/вход 0.000 ≤ 0.2; вход 15000.00 KZT; вне границы обхода.
100000002975437100,terminal,0.959906,36,0.440446,Гипотеза terminal: наблюдаемый выход/вход 0.016 ≤ 0.2; вход 530000.00 KZT; вне границы обхода.
100000002981489100,peripheral,0.2,10,0.348863,"Гипотеза peripheral: входов 1, выходов 0; вход 10000.00, выход 0.00 KZT; сильные правила не выполнены."
100000002981527100,terminal,1.0,4,0.298671,Гипотеза terminal: наблюдаемый выход/вход 0.000 ≤ 0.2; вход 168000.00 KZT; вне границы обхода.
100000002982252100,terminal,1.0,22,0.26138,Гипотеза terminal: наблюдаемый выход/вход 0.000 ≤ 0.2; вход 20320.00 KZT; вне границы обхода.
100000002983426100,terminal,1.0,18,0.387444,Гипотеза terminal: наблюдаемый выход/вход 0.000 ≤ 0.2; вход 88945.00 KZT; вне границы обхода.
100000002983879100,terminal,1.0,2,0.43906,Гипотеза terminal: наблюдаемый выход/вход 0.000 ≤ 0.2; вход 200050.00 KZT; вне границы обхода.
100000002984403100,peripheral,0.2,13,0.397139,"Гипотеза peripheral: входов 1, выходов 1; вход 20000.00, выход 25000.00 KZT; сильные правила не выполнены."
100000002986245100,peripheral,0.2,47,0.239095,"Гипотеза peripheral: входов 1, выходов 0; вход 5750.00, выход 0.00 KZT; сильные правила не выполнены."
100000002988894100,peripheral,0.2,2,0.485693,"Гипотеза peripheral: входов 1, выходов 3; вход 306121.00, выход 77500.00 KZT; сильные правила не выполнены."
100000002989353100,peripheral,0.2,24,0.392397,"Гипотеза peripheral: входов 1, выходов 2; вход 500000.00, выход 321160.00 KZT; сильные правила не выполнены."
100000002990675100,terminal,1.0,10,0.377675,Гипотеза terminal: наблюдаемый выход/вход 0.000 ≤ 0.2; вход 51143.00 KZT; вне границы обхода.
100000002991079100,terminal,0.815312,16,0.434572,Гипотеза terminal: наблюдаемый выход/вход 0.074 ≤ 0.2; вход 148900.00 KZT; вне границы обхода.
100000002992171100,terminal,1.0,22,0.255577,Гипотеза terminal: наблюдаемый выход/вход 0.000 ≤ 0.2; вход 14627.00 KZT; вне границы обхода.
100000002994441100,peripheral,0.2,8,0.336628,"Гипотеза peripheral: входов 1, выходов 0; вход 5000.00, выход 0.00 KZT; сильные правила не выполнены."
100000002999140100,peripheral,0.2,7,0.348863,"Гипотеза peripheral: входов 1, выходов 0; вход 10000.00, выход 0.00 KZT; сильные правила не выполнены."
100000003001138100,peripheral,0.2,15,0.368258,"Гипотеза peripheral: входов 1, выходов 0; вход 30000.00, выход 0.00 KZT; сильные правила не выполнены."
100000003001564100,peripheral,0.2,16,0.423781,"Гипотеза peripheral: входов 1, выходов 1; вход 23520.00, выход 180000.00 KZT; сильные правила не выполнены."
100000003001661100,distributor,0.625,15,0.487591,Гипотеза distributor: выход к 5 получателям при 1 плательщиках; выход 439500.00 KZT.
100000003003821100,terminal,1.0,2,0.396308,Гипотеза terminal: наблюдаемый выход/вход 0.000 ≤ 0.2; вход 40000.00 KZT; вне границы обхода.
100000003004487100,coordinator,0.88,36,0.486787,"Гипотеза coordinator: связь с 7 seed по путям; входов 4, выходов 2; посредничество 0.00018."
100000003005167100,peripheral,0.2,47,0.242567,"Гипотеза peripheral: входов 1, выходов 0; вход 7000.00, выход 0.00 KZT; сильные правила не выполнены."
100000003006633100,terminal,1.0,38,0.348863,Гипотеза terminal: наблюдаемый выход/вход 0.000 ≤ 0.2; вход 10000.00 KZT; вне границы обхода.
100000003009900100,terminal,1.0,18,0.357158,Гипотеза terminal: наблюдаемый выход/вход 0.000 ≤ 0.2; вход 15998.00 KZT; вне границы обхода.
100000003010908100,peripheral,0.2,18,0.358231,"Гипотеза peripheral: входов 1, выходов 0; вход 17000.00, выход 0.00 KZT; сильные правила не выполнены."
100000003014659100,terminal,1.0,11,0.416186,Гипотеза terminal: наблюдаемый выход/вход 0.000 ≤ 0.2; вход 280000.00 KZT; вне границы обхода.
100000003016438100,peripheral,0.2,4,0.448146,"Гипотеза peripheral: входов 1, выходов 1; вход 200000.00, выход 300000.00 KZT; сильные правила не выполнены."
100000003016635100,coordinator,0.84,16,0.785262,"Гипотеза coordinator: связь с 6 seed по путям; входов 8, выходов 73; посредничество 0.00440."
100000003016773100,terminal,1.0,4,0.392112,Гипотеза terminal: наблюдаемый выход/вход 0.000 ≤ 0.2; вход 46555.00 KZT; вне границы обхода.
100000003022835100,terminal,1.0,2,0.416423,Гипотеза terminal: наблюдаемый выход/вход 0.000 ≤ 0.2; вход 125000.00 KZT; вне границы обхода.
100000003024542100,terminal,1.0,2,0.368966,Гипотеза terminal: наблюдаемый выход/вход 0.000 ≤ 0.2; вход 8500.00 KZT; вне границы обхода.
100000003025903100,peripheral,0.2,10,0.413371,"Гипотеза peripheral: входов 1, выходов 0; вход 386300.00, выход 0.00 KZT; сильные правила не выполнены."
100000003031003100,consolidator,0.65,24,0.460051,Гипотеза consolidator: вход от 3 плательщиков; 0 получателей; вход 280090.00 KZT.
100000003031633100,terminal,1.0,4,0.42309,Гипотеза terminal: наблюдаемый выход/вход 0.000 ≤ 0.2; вход 414000.00 KZT; вне границы обхода.
100000003031761100,terminal,1.0,35,0.31647,Гипотеза terminal: наблюдаемый выход/вход 0.000 ≤ 0.2; вход 460408.00 KZT; вне границы обхода.
100000003031890100,terminal,1.0,34,0.303026,Гипотеза terminal: наблюдаемый выход/вход 0.000 ≤ 0.2; вход 215000.00 KZT; вне границы обхода.
100000003034546100,terminal,1.0,4,0.31745,Гипотеза terminal: наблюдаемый выход/вход 0.000 ≤ 0.2; вход 486715.00 KZT; вне границы обхода.
100000003035737100,terminal,0.97978,10,0.46334,Гипотеза terminal: наблюдаемый выход/вход 0.008 ≤ 0.2; вход 809170.00 KZT; вне границы обхода.
100000003036198100,terminal,1.0,2,0.356021,Гипотеза terminal: наблюдаемый выход/вход 0.000 ≤ 0.2; вход 15000.00 KZT; вне границы обхода.
100000003037476100,consolidator,0.65,4,0.464524,Гипотеза consolidator: вход от 3 плательщиков; 0 получателей; вход 555000.00 KZT.
100000003037660100,terminal,1.0,2,0.401276,Гипотеза terminal: наблюдаемый выход/вход 0.000 ≤ 0.2; вход 53000.00 KZT; вне границы обхода.
100000003039473100,terminal,1.0,16,0.363567,Гипотеза terminal: наблюдаемый выход/вход 0.000 ≤ 0.2; вход 23000.00 KZT; вне границы обхода.
100000003040087100,peripheral,0.2,18,0.367659,"Гипотеза peripheral: входов 1, выходов 0; вход 29000.00, выход 0.00 KZT; сильные правила не выполнены."
100000003042994100,terminal,1.0,16,0.408069,Гипотеза terminal: наблюдаемый выход/вход 0.000 ≤ 0.2; вход 286086.00 KZT; вне границы обхода.
100000003044431100,terminal,1.0,2,0.401705,Гипотеза terminal: наблюдаемый выход/вход 0.000 ≤ 0.2; вход 60000.00 KZT; вне границы обхода.
100000003044518100,terminal,1.0,1,0.270685,Гипотеза terminal: наблюдаемый выход/вход 0.000 ≤ 0.2; вход 34423.00 KZT; вне границы обхода.
100000003047800100,peripheral,0.2,24,0.252391,"Гипотеза peripheral: входов 1, выходов 0; вход 12212.00, выход 0.00 KZT; сильные правила не выполнены."
100000003050771100,terminal,1.0,12,0.40414,Гипотеза terminal: наблюдаемый выход/вход 0.000 ≤ 0.2; вход 229000.00 KZT; вне границы обхода.
100000003054328100,peripheral,0.2,24,0.347047,"Гипотеза peripheral: входов 1, выходов 2; вход 140000.00, выход 193720.00 KZT; сильные правила не выполнены."
100000003057225100,terminal,1.0,16,0.404671,Гипотеза terminal: наблюдаемый выход/вход 0.000 ≤ 0.2; вход 236000.00 KZT; вне границы обхода.
100000003060187100,terminal,1.0,43,0.38824,Гипотеза terminal: наблюдаемый выход/вход 0.000 ≤ 0.2; вход 93046.00 KZT; вне границы обхода.
100000003060517100,terminal,1.0,28,0.409822,Гипотеза terminal: наблюдаемый выход/вход 0.000 ≤ 0.2; вход 315955.00 KZT; вне границы обхода.
100000003061115100,peripheral,0.2,0,0.375416,"Гипотеза peripheral: входов 1, выходов 0; вход 45000.00, выход 0.00 KZT; сильные правила не выполнены."
100000003062895100,terminal,1.0,4,0.447813,Гипотеза terminal: наблюдаемый выход/вход 0.000 ≤ 0.2; вход 328444.00 KZT; вне границы обхода.
100000003066385100,terminal,1.0,0,0.38231,Гипотеза terminal: наблюдаемый выход/вход 0.000 ≤ 0.2; вход 20000.00 KZT; вне границы обхода.
100000003068941100,consolidator,0.65,0,0.441132,Гипотеза consolidator: вход от 3 плательщиков; 1 получателей; вход 94000.00 KZT.
100000003069463100,peripheral,0.2,14,0.389637,"Гипотеза peripheral: входов 1, выходов 1; вход 11500.00, выход 17920.00 KZT; сильные правила не выполнены."
100000003071649100,terminal,1.0,4,0.416894,Гипотеза terminal: наблюдаемый выход/вход 0.000 ≤ 0.2; вход 189500.00 KZT; вне границы обхода.
100000003071930100,consolidator,0.65,4,0.474756,Гипотеза consolidator: вход от 3 плательщиков; 1 получателей; вход 477610.00 KZT.
100000003072205100,peripheral,0.2,4,0.427844,"Гипотеза peripheral: входов 2, выходов 0; вход 163000.00, выход 0.00 KZT; сильные правила не выполнены."
100000003072676100,terminal,1.0,28,0.369144,Гипотеза terminal: наблюдаемый выход/вход 0.000 ≤ 0.2; вход 31545.00 KZT; вне границы обхода.
100000003073398100,terminal,1.0,41,0.288224,Гипотеза terminal: наблюдаемый выход/вход 0.000 ≤ 0.2; вход 92960.00 KZT; вне границы обхода.
100000003073635100,terminal,1.0,8,0.39404,Гипотеза terminal: наблюдаемый выход/вход 0.000 ≤ 0.2; вход 129231.00 KZT; вне границы обхода.
100000003074515100,peripheral,0.2,4,0.39887,"Гипотеза peripheral: входов 1, выходов 0; вход 105000.00, выход 0.00 KZT; сильные правила не выполнены."
100000003078839100,peripheral,0.2,8,0.354803,"Гипотеза peripheral: входов 1, выходов 0; вход 14000.00, выход 0.00 KZT; сильные правила не выполнены."
100000003083865100,peripheral,0.2,18,0.356021,"Гипотеза peripheral: входов 1, выходов 0; вход 15000.00, выход 0.00 KZT; сильные правила не выполнены."
100000003084870100,peripheral,0.2,24,0.270507,"Гипотеза peripheral: входов 1, выходов 0; вход 6500.00, выход 0.00 KZT; сильные правила не выполнены."
100000003086040100,terminal,1.0,0,0.349725,Гипотеза terminal: наблюдаемый выход/вход 0.000 ≤ 0.2; вход 10500.00 KZT; вне границы обхода.
100000003087877100,terminal,1.0,35,0.287942,Гипотеза terminal: наблюдаемый выход/вход 0.000 ≤ 0.2; вход 91486.00 KZT; вне границы обхода.
100000003089018100,terminal,1.0,4,0.304217,Гипотеза terminal: наблюдаемый выход/вход 0.000 ≤ 0.2; вход 230000.00 KZT; вне границы обхода.
100000003089553100,terminal,1.0,4,0.405167,Гипотеза terminal: наблюдаемый выход/вход 0.000 ≤ 0.2; вход 150000.00 KZT; вне границы обхода.
100000003091142100,peripheral,0.2,0,0.373336,"Гипотеза peripheral: входов 1, выходов 0; вход 40000.00, выход 0.00 KZT; сильные правила не выполнены."
100000003093299100,terminal,1.0,0,0.356021,Гипотеза terminal: наблюдаемый выход/вход 0.000 ≤ 0.2; вход 15000.00 KZT; вне границы обхода.
100000003095610100,terminal,1.0,18,0.36407,Гипотеза terminal: наблюдаемый выход/вход 0.000 ≤ 0.2; вход 23665.00 KZT; вне границы обхода.
100000003096787100,peripheral,0.2,18,0.357596,"Гипотеза peripheral: входов 1, выходов 0; вход 16400.00, выход 0.00 KZT; сильные правила не выполнены."
100000003097324100,terminal,1.0,46,0.445858,Гипотеза terminal: наблюдаемый выход/вход 0.000 ≤ 0.2; вход 294000.00 KZT; вне границы обхода.
100000003097947100,peripheral,0.2,8,0.378298,"Гипотеза peripheral: входов 1, выходов 0; вход 52980.00, выход 0.00 KZT; сильные правила не выполнены."
100000003102157100,terminal,1.0,0,0.388928,Гипотеза terminal: наблюдаемый выход/вход 0.000 ≤ 0.2; вход 96746.00 KZT; вне границы обхода.
100000003104347100,terminal,0.808612,29,0.43779,Гипотеза terminal: наблюдаемый выход/вход 0.077 ≤ 0.2; вход 418000.00 KZT; вне границы обхода.
100000003105089100,peripheral,0.2,32,0.348863,"Гипотеза peripheral: входов 1, выходов 0; вход 10000.00, выход 0.00 KZT; сильные правила не выполнены."
100000003105929100,peripheral,0.2,10,0.442449,"Гипотеза peripheral: входов 1, выходов 1; вход 429567.00, выход 156354.00 KZT; сильные правила не выполнены."
100000003109805100,terminal,1.0,28,0.371926,Гипотеза terminal: наблюдаемый выход/вход 0.000 ≤ 0.2; вход 36929.00 KZT; вне границы обхода.
100000003111305100,consolidator,0.7,41,0.474681,Гипотеза consolidator: вход от 4 плательщиков; 0 получателей; вход 509338.00 KZT.
100000003112436100,terminal,1.0,16,0.389512,Гипотеза terminal: наблюдаемый выход/вход 0.000 ≤ 0.2; вход 100000.00 KZT; вне границы обхода.
100000003112578100,terminal,1.0,24,0.31895,Гипотеза terminal: наблюдаемый выход/вход 0.000 ≤ 0.2; вход 101080.00 KZT; вне границы обхода.
100000003115284100,coordinator,1.0,11,0.568543,"Гипотеза coordinator: связь с 11 seed по путям; входов 8, выходов 2; посредничество 0.00009."
100000003116106100,terminal,1.0,10,0.417715,Гипотеза terminal: наблюдаемый выход/вход 0.000 ≤ 0.2; вход 494050.00 KZT; вне границы обхода.
100000003119550100,terminal,1.0,22,0.261961,Гипотеза terminal: наблюдаемый выход/вход 0.000 ≤ 0.2; вход 21000.00 KZT; вне границы обхода.
100000003122817100,terminal,1.0,14,0.415856,Гипотеза terminal: наблюдаемый выход/вход 0.000 ≤ 0.2; вход 444680.00 KZT; вне границы обхода.
100000003123296100,terminal,1.0,7,0.286891,Гипотеза terminal: наблюдаемый выход/вход 0.000 ≤ 0.2; вход 86200.00 KZT; вне границы обхода.
100000003125997100,peripheral,0.2,4,0.395702,"Гипотеза peripheral: входов 1, выходов 0; вход 87750.00, выход 0.00 KZT; сильные правила не выполнены."
100000003128638100,peripheral,0.2,4,0.417404,"Гипотеза peripheral: входов 1, выходов 0; вход 300000.00, выход 0.00 KZT; сильные правила не выполнены."
100000003131016100,peripheral,0.2,8,0.440221,"Гипотеза peripheral: входов 1, выходов 1; вход 405700.00, выход 126000.00 KZT; сильные правила не выполнены."
100000003131693100,terminal,1.0,2,0.434765,Гипотеза terminal: наблюдаемый выход/вход 0.000 ≤ 0.2; вход 353277.00 KZT; вне границы обхода.
100000003132484100,terminal,1.0,4,0.287652,Гипотеза terminal: наблюдаемый выход/вход 0.000 ≤ 0.2; вход 90000.00 KZT; вне границы обхода.
100000003133045100,peripheral,0.2,4,0.382704,"Гипотеза peripheral: входов 1, выходов 0; вход 68000.00, выход 0.00 KZT; сильные правила не выполнены."
100000003134474100,terminal,1.0,10,0.392133,Гипотеза terminal: наблюдаемый выход/вход 0.000 ≤ 0.2; вход 116000.00 KZT; вне границы обхода.
100000003134550100,peripheral,0.2,4,0.398009,"Гипотеза peripheral: входов 1, выходов 0; вход 100000.00, выход 0.00 KZT; сильные правила не выполнены."
100000003134934100,consolidator,0.7,0,0.477079,Гипотеза consolidator: вход от 4 плательщиков; 0 получателей; вход 379354.00 KZT.
100000003134937100,terminal,1.0,16,0.349361,Гипотеза terminal: наблюдаемый выход/вход 0.000 ≤ 0.2; вход 10286.00 KZT; вне границы обхода.
100000003146511100,peripheral,0.2,12,0.348863,"Гипотеза peripheral: входов 1, выходов 0; вход 10000.00, выход 0.00 KZT; сильные правила не выполнены."
100000003147719100,terminal,1.0,4,0.405609,Гипотеза terminal: наблюдаемый выход/вход 0.000 ≤ 0.2; вход 100000.00 KZT; вне границы обхода.
100000003148220100,peripheral,0.2,52,0.313401,"Гипотеза peripheral: входов 1, выходов 2; вход 5650.00, выход 43400.00 KZT; сильные правила не выполнены."
100000003149149100,terminal,1.0,10,0.405332,Гипотеза terminal: наблюдаемый выход/вход 0.000 ≤ 0.2; вход 245000.00 KZT; вне границы обхода.
100000003152964100,terminal,0.903065,8,0.418079,Гипотеза terminal: наблюдаемый выход/вход 0.039 ≤ 0.2; вход 141847.00 KZT; вне границы обхода.
100000003154105100,distributor,0.675,32,0.496173,Гипотеза distributor: выход к 7 получателям при 1 плательщиках; выход 338000.00 KZT.
100000003157333100,terminal,1.0,41,0.268258,Гипотеза terminal: наблюдаемый выход/вход 0.000 ≤ 0.2; вход 30000.00 KZT; вне границы обхода.
100000003157679100,consolidator,0.7,4,0.483346,Гипотеза consolidator: вход от 4 плательщиков; 0 получателей; вход 541000.00 KZT.
100000003158727100,consolidator,0.65,1,0.464867,Гипотеза consolidator: вход от 3 плательщиков; 0 получателей; вход 367940.00 KZT.
100000003159641100,consolidator,0.7,45,0.465525,Гипотеза consolidator: вход от 4 плательщиков; 1 получателей; вход 64000.00 KZT.
100000003163256100,transit,0.887653,16,0.389067,"Гипотеза transit: входов 1, выходов 1; наблюдаемый выход/вход 1.112; вход 13485.00 KZT."
100000003163886100,terminal,1.0,31,0.440897,Гипотеза terminal: наблюдаемый выход/вход 0.000 ≤ 0.2; вход 500000.00 KZT; вне границы обхода.
100000003164661100,terminal,1.0,27,0.321033,Гипотеза terminal: наблюдаемый выход/вход 0.000 ≤ 0.2; вход 596200.00 KZT; вне границы обхода.
100000003166017100,peripheral,0.2,18,0.356021,"Гипотеза peripheral: входов 1, выходов 0; вход 15000.00, выход 0.00 KZT; сильные правила не выполнены."
100000003166755100,terminal,1.0,2,0.364326,Гипотеза terminal: наблюдаемый выход/вход 0.000 ≤ 0.2; вход 24010.00 KZT; вне границы обхода.
100000003171006100,terminal,1.0,4,0.454695,Гипотеза terminal: наблюдаемый выход/вход 0.000 ≤ 0.2; вход 485000.00 KZT; вне границы обхода.
100000003171587100,peripheral,0.2,10,0.4813,"Гипотеза peripheral: входов 2, выходов 2; вход 700000.00, выход 431300.00 KZT; сильные правила не выполнены."
100000003173783100,peripheral,0.2,33,0.363947,"Гипотеза peripheral: входов 1, выходов 0; вход 23500.00, выход 0.00 KZT; сильные правила не выполнены."
100000003177533100,peripheral,0.2,8,0.3611,"Гипотеза peripheral: входов 1, выходов 0; вход 20000.00, выход 0.00 KZT; сильные правила не выполнены."
100000003178549100,peripheral,0.2,28,0.477839,"Гипотеза peripheral: входов 2, выходов 4; вход 250000.00, выход 89080.00 KZT; сильные правила не выполнены."
100000003180305100,peripheral,0.2,0,0.39595,"Гипотеза peripheral: входов 1, выходов 0; вход 144000.00, выход 0.00 KZT; сильные правила не выполнены."
100000003180820100,peripheral,0.2,4,0.398184,"Гипотеза peripheral: входов 1, выходов 0; вход 101000.00, выход 0.00 KZT; сильные правила не выполнены."
100000003186579100,peripheral,0.2,8,0.391195,"Гипотеза peripheral: входов 1, выходов 0; вход 110000.00, выход 0.00 KZT; сильные правила не выполнены."
100000003187359100,terminal,1.0,22,0.260261,Гипотеза terminal: наблюдаемый выход/вход 0.000 ≤ 0.2; вход 19072.00 KZT; вне границы обхода.
100000003188607100,peripheral,0.2,1,0.28488,"Гипотеза peripheral: входов 1, выходов 1; вход 18000.00, выход 5000.00 KZT; сильные правила не выполнены."
100000003190207100,peripheral,0.2,49,0.443394,"Гипотеза peripheral: входов 1, выходов 1; вход 5000.00, выход 377000.00 KZT; сильные правила не выполнены."
100000003191430100,terminal,1.0,16,0.399889,Гипотеза terminal: наблюдаемый выход/вход 0.000 ≤ 0.2; вход 180000.00 KZT; вне границы обхода.
100000003192220100,terminal,1.0,5,0.380494,Гипотеза terminal: наблюдаемый выход/вход 0.000 ≤ 0.2; вход 60000.00 KZT; вне границы обхода.
100000003192309100,peripheral,0.2,22,0.325442,"Гипотеза peripheral: входов 1, выходов 1; вход 17200.00, выход 213000.00 KZT; сильные правила не выполнены."
100000003194831100,peripheral,0.2,24,0.240609,"Гипотеза peripheral: входов 1, выходов 0; вход 6265.00, выход 0.00 KZT; сильные правила не выполнены."
100000003199390100,peripheral,0.2,10,0.406381,"Гипотеза peripheral: входов 1, выходов 0; вход 260000.00, выход 0.00 KZT; сильные правила не выполнены."
100000003200071100,peripheral,0.2,61,0.218258,"Гипотеза peripheral: входов 0, выходов 1; вход 0.00, выход 30000.00 KZT; сильные правила не выполнены."
100000003204491100,peripheral,0.2,0,0.426696,"Гипотеза peripheral: входов 1, выходов 1; вход 140000.00, выход 100000.00 KZT; сильные правила не выполнены."
100000003205210100,terminal,1.0,2,0.418114,Гипотеза terminal: наблюдаемый выход/вход 0.000 ≤ 0.2; вход 137563.00 KZT; вне границы обхода.
100000003207060100,peripheral,0.2,0,0.378304,"Гипотеза peripheral: входов 1, выходов 0; вход 53000.00, выход 0.00 KZT; сильные правила не выполнены."
100000003213473100,distributor,0.775,0,0.510643,Гипотеза distributor: выход к 11 получателям при 1 плательщиках; выход 240000.00 KZT.
100000003214786100,peripheral,0.2,0,0.336628,"Гипотеза peripheral: входов 1, выходов 0; вход 5000.00, выход 0.00 KZT; сильные правила не выполнены."
100000003215448100,peripheral,0.2,8,0.440338,"Гипотеза peripheral: входов 1, выходов 2; вход 91309.00, выход 124000.00 KZT; сильные правила не выполнены."
100000003216073100,peripheral,0.2,35,0.31202,"Гипотеза peripheral: входов 1, выходов 1; вход 37001.00, выход 70000.00 KZT; сильные правила не выполнены."
100000003218308100,terminal,1.0,0,0.350809,Гипотеза terminal: наблюдаемый выход/вход 0.000 ≤ 0.2; вход 11165.00 KZT; вне границы обхода.
100000003219438100,terminal,1.0,62,0.369397,Гипотеза terminal: наблюдаемый выход/вход 0.000 ≤ 0.2; вход 32000.00 KZT; вне границы обхода.
100000003220685100,peripheral,0.2,10,0.434876,"Гипотеза peripheral: входов 1, выходов 0; вход 1306000.00, выход 0.00 KZT; сильные правила не выполнены."
100000003221384100,terminal,1.0,3,0.418317,Гипотеза terminal: наблюдаемый выход/вход 0.000 ≤ 0.2; вход 511200.00 KZT; вне границы обхода.
100000003221510100,peripheral,0.2,0,0.433236,"Гипотеза peripheral: входов 1, выходов 2; вход 24000.00, выход 120000.00 KZT; сильные правила не выполнены."
100000003230328100,consolidator,0.65,8,0.402375,Гипотеза consolidator: вход от 3 плательщиков; 0 получателей; вход 26572.00 KZT.
100000003230329100,peripheral,0.2,4,0.399691,"Гипотеза peripheral: входов 1, выходов 0; вход 110000.00, выход 0.00 KZT; сильные правила не выполнены."
100000003232675100,peripheral,0.2,12,0.375019,"Гипотеза peripheral: входов 1, выходов 0; вход 44000.00, выход 0.00 KZT; сильные правила не выполнены."
100000003235780100,terminal,1.0,0,0.403118,Гипотеза terminal: наблюдаемый выход/вход 0.000 ≤ 0.2; вход 65000.00 KZT; вне границы обхода.
100000003237045100,peripheral,0.2,16,0.438787,"Гипотеза peripheral: входов 1, выходов 1; вход 340200.00, выход 150000.00 KZT; сильные правила не выполнены."
100000003239379100,terminal,1.0,7,0.288136,Гипотеза terminal: наблюдаемый выход/вход 0.000 ≤ 0.2; вход 92500.00 KZT; вне границы обхода.
100000003239859100,terminal,1.0,7,0.259818,Гипотеза terminal: наблюдаемый выход/вход 0.000 ≤ 0.2; вход 18600.00 KZT; вне границы обхода.
100000003241965100,terminal,1.0,18,0.356021,Гипотеза terminal: наблюдаемый выход/вход 0.000 ≤ 0.2; вход 15000.00 KZT; вне границы обхода.
100000003242289100,coordinator,0.88,28,0.59922,"Гипотеза coordinator: связь с 7 seed по путям; входов 3, выходов 23; посредничество 0.00047."
100000003242795100,terminal,1.0,10,0.391355,Гипотеза terminal: наблюдаемый выход/вход 0.000 ≤ 0.2; вход 111000.00 KZT; вне границы обхода.
100000003246024100,terminal,0.5,8,0.416143,Гипотеза terminal: наблюдаемый выход/вход 0.200 ≤ 0.2; вход 25000.00 KZT; вне границы обхода.
100000003247600100,peripheral,0.2,2,0.379896,"Гипотеза peripheral: входов 1, выходов 0; вход 58000.00, выход 0.00 KZT; сильные правила не выполнены."
100000003249054100,consolidator,0.85,2,0.47164,Гипотеза consolidator: вход от 7 плательщиков; 1 получателей; вход 99700.00 KZT.
100000003252446100,peripheral,0.2,4,0.399465,"Гипотеза peripheral: входов 1, выходов 0; вход 108600.00, выход 0.00 KZT; сильные правила не выполнены."
100000003254277100,transit,0.914573,0,0.410181,"Гипотеза transit: входов 1, выходов 1; наблюдаемый выход/вход 0.915; вход 49200.00 KZT."
100000003254723100,terminal,1.0,2,0.430009,Гипотеза terminal: наблюдаемый выход/вход 0.000 ≤ 0.2; вход 269850.00 KZT; вне границы обхода.
100000003265158100,coordinator,0.96,7,0.487113,"Гипотеза coordinator: связь с 9 seed по путям; входов 3, выходов 2; посредничество 0.00016."
100000003265658100,peripheral,0.2,63,0.0,"Гипотеза peripheral: входов 0, выходов 0; вход 0.00, выход 0.00 KZT; сильные правила не выполнены."
100000003270419100,terminal,1.0,12,0.419642,Гипотеза terminal: наблюдаемый выход/вход 0.000 ≤ 0.2; вход 150000.00 KZT; вне границы обхода.
100000003271151100,terminal,1.0,8,0.393773,Гипотеза terminal: наблюдаемый выход/вход 0.000 ≤ 0.2; вход 127294.00 KZT; вне границы обхода.
100000003275398100,terminal,0.833333,34,0.331257,Гипотеза terminal: наблюдаемый выход/вход 0.067 ≤ 0.2; вход 300000.00 KZT; вне границы обхода.
100000003278020100,terminal,1.0,0,0.400844,Гипотеза terminal: наблюдаемый выход/вход 0.000 ≤ 0.2; вход 190000.00 KZT; вне границы обхода.
100000003284932100,terminal,1.0,2,0.406168,Гипотеза terminal: наблюдаемый выход/вход 0.000 ≤ 0.2; вход 69925.00 KZT; вне границы обхода.
100000003286537100,terminal,1.0,4,0.426727,Гипотеза terminal: наблюдаемый выход/вход 0.000 ≤ 0.2; вход 153000.00 KZT; вне границы обхода.
100000003289281100,peripheral,0.2,0,0.373336,"Гипотеза peripheral: входов 1, выходов 0; вход 40000.00, выход 0.00 KZT; сильные правила не выполнены."
100000003289405100,terminal,1.0,2,0.311879,Гипотеза terminal: наблюдаемый выход/вход 0.000 ≤ 0.2; вход 355000.00 KZT; вне границы обхода.
100000003292191100,terminal,1.0,46,0.400009,Гипотеза terminal: наблюдаемый выход/вход 0.000 ≤ 0.2; вход 112000.00 KZT; вне границы обхода.
100000003292979100,terminal,1.0,2,0.399872,Гипотеза terminal: наблюдаемый выход/вход 0.000 ≤ 0.2; вход 48950.00 KZT; вне границы обхода.
100000003293377100,terminal,1.0,10,0.377276,Гипотеза terminal: наблюдаемый выход/вход 0.000 ≤ 0.2; вход 50000.00 KZT; вне границы обхода.
100000003299365100,transit,1.0,2,0.458168,"Гипотеза transit: входов 1, выходов 1; наблюдаемый выход/вход 1.000; вход 200000.00 KZT."
100000003321423100,terminal,1.0,53,0.398009,Гипотеза terminal: наблюдаемый выход/вход 0.000 ≤ 0.2; вход 100000.00 KZT; вне границы обхода.
100000003321895100,peripheral,0.2,54,0.457766,"Гипотеза peripheral: входов 1, выходов 2; вход 24000.00, выход 553830.00 KZT; сильные правила не выполнены."
100000003336565100,terminal,1.0,22,0.257757,Гипотеза terminal: наблюдаемый выход/вход 0.000 ≤ 0.2; вход 16550.00 KZT; вне границы обхода.
100000003338583100,terminal,1.0,34,0.262593,Гипотеза terminal: наблюдаемый выход/вход 0.000 ≤ 0.2; вход 21765.00 KZT; вне границы обхода.
100000003345947100,peripheral,0.2,8,0.385462,"Гипотеза peripheral: входов 1, выходов 0; вход 79500.00, выход 0.00 KZT; сильные правила не выполнены."
100000003349739100,peripheral,0.2,64,0.0,"Гипотеза peripheral: входов 0, выходов 0; вход 0.00, выход 0.00 KZT; сильные правила не выполнены."
100000003360542100,terminal,0.591483,11,0.489733,Гипотеза terminal: наблюдаемый выход/вход 0.163 ≤ 0.2; вход 317000.00 KZT; вне границы обхода.
100000003366154100,peripheral,0.2,2,0.486792,"Гипотеза peripheral: входов 1, выходов 3; вход 125000.00, выход 289170.00 KZT; сильные правила не выполнены."
100000003366471100,terminal,0.848388,8,0.448391,Гипотеза terminal: наблюдаемый выход/вход 0.061 ≤ 0.2; вход 329789.00 KZT; вне границы обхода.
100000003370425100,peripheral,0.2,12,0.3611,"Гипотеза peripheral: входов 1, выходов 0; вход 20000.00, выход 0.00 KZT; сильные правила не выполнены."
100000003377795100,terminal,1.0,1,0.242567,Гипотеза terminal: наблюдаемый выход/вход 0.000 ≤ 0.2; вход 7000.00 KZT; вне границы обхода.
100000003390036100,peripheral,0.2,11,0.48723,"Гипотеза peripheral: входов 2, выходов 2; вход 231300.00, выход 62000.00 KZT; сильные правила не выполнены."
100000003404627100,consolidator,0.7,51,0.50504,Гипотеза consolidator: вход от 4 плательщиков; 0 получателей; вход 877700.00 KZT.
100000003406094100,peripheral,0.2,16,0.441243,"Гипотеза peripheral: входов 1, выходов 3; вход 70000.00, выход 47000.00 KZT; сильные правила не выполнены."
100000003447411100,peripheral,0.2,8,0.409025,"Гипотеза peripheral: входов 1, выходов 0; вход 302000.00, выход 0.00 KZT; сильные правила не выполнены."
100000003448713100,peripheral,0.2,8,0.406834,"Гипотеза peripheral: входов 1, выходов 0; вход 266750.00, выход 0.00 KZT; сильные правила не выполнены."
100000003449074100,terminal,1.0,0,0.348863,Гипотеза terminal: наблюдаемый выход/вход 0.000 ≤ 0.2; вход 10000.00 KZT; вне границы обхода.
100000003457710100,peripheral,0.2,10,0.46054,"Гипотеза peripheral: входов 1, выходов 1; вход 326555.00, выход 1306000.00 KZT; сильные правила не выполнены."
100000003470579100,peripheral,0.2,14,0.411979,"Гипотеза peripheral: входов 1, выходов 0; вход 357000.00, выход 0.00 KZT; сильные правила не выполнены."
100000003476560100,terminal,1.0,2,0.400247,Гипотеза terminal: наблюдаемый выход/вход 0.000 ≤ 0.2; вход 50000.00 KZT; вне границы обхода.
100000003481025100,peripheral,0.2,0,0.347004,"Гипотеза peripheral: входов 1, выходов 0; вход 9000.00, выход 0.00 KZT; сильные правила не выполнены."
100000003484058100,terminal,0.863636,40,0.413857,Гипотеза terminal: наблюдаемый выход/вход 0.055 ≤ 0.2; вход 110000.00 KZT; вне границы обхода.
100000003486846100,peripheral,0.2,16,0.366398,"Гипотеза peripheral: входов 1, выходов 0; вход 27000.00, выход 0.00 KZT; сильные правила не выполнены."
100000003486970100,terminal,1.0,10,0.396671,Гипотеза terminal: наблюдаемый выход/вход 0.000 ≤ 0.2; вход 150000.00 KZT; вне границы обхода.
100000003497735100,terminal,1.0,43,0.393452,Гипотеза terminal: наблюдаемый выход/вход 0.000 ≤ 0.2; вход 125000.00 KZT; вне границы обхода.
100000003500764100,peripheral,0.2,28,0.361961,"Гипотеза peripheral: входов 1, выходов 0; вход 21000.00, выход 0.00 KZT; сильные правила не выполнены."
100000003509750100,transit,0.952728,41,0.363727,"Гипотеза transit: входов 3, выходов 3; наблюдаемый выход/вход 0.953; вход 82290.00 KZT."
100000003528285100,coordinator,0.88,2,0.5035,"Гипотеза coordinator: связь с 7 seed по путям; входов 4, выходов 4; посредничество 0.00006."
100000003557488100,peripheral,0.2,36,0.463165,"Гипотеза peripheral: входов 1, выходов 2; вход 664992.00, выход 138000.00 KZT; сильные правила не выполнены."
100000003561031100,peripheral,0.2,8,0.381259,"Гипотеза peripheral: входов 1, выходов 1; вход 13300.00, выход 5000.00 KZT; сильные правила не выполнены."
100000003567087100,terminal,1.0,22,0.281106,Гипотеза terminal: наблюдаемый выход/вход 0.000 ≤ 0.2; вход 62115.00 KZT; вне границы обхода.
100000003568904100,peripheral,0.2,12,0.376919,"Гипотеза peripheral: входов 1, выходов 0; вход 49000.00, выход 0.00 KZT; сильные правила не выполнены."
100000003574895100,peripheral,0.2,0,0.398267,"Гипотеза peripheral: входов 1, выходов 1; вход 27968.00, выход 20000.00 KZT; сильные правила не выполнены."
100000003581109100,terminal,1.0,0,0.37451,Гипотеза terminal: наблюдаемый выход/вход 0.000 ≤ 0.2; вход 42750.00 KZT; вне границы обхода.
100000003582677100,peripheral,0.2,2,0.453367,"Гипотеза peripheral: входов 2, выходов 4; вход 29756.99, выход 56000.00 KZT; сильные правила не выполнены."
100000003589877100,distributor,0.65,4,0.517742,Гипотеза distributor: выход к 6 получателям при 2 плательщиках; выход 416129.00 KZT.
100000003594472100,terminal,1.0,36,0.3611,Гипотеза terminal: наблюдаемый выход/вход 0.000 ≤ 0.2; вход 20000.00 KZT; вне границы обхода.
100000003603979100,terminal,1.0,34,0.298353,Гипотеза terminal: наблюдаемый выход/вход 0.000 ≤ 0.2; вход 165000.00 KZT; вне границы обхода.
100000003610172100,terminal,1.0,10,0.383216,Гипотеза terminal: наблюдаемый выход/вход 0.000 ≤ 0.2; вход 70000.00 KZT; вне границы обхода.
100000003616818100,peripheral,0.2,34,0.375475,"Гипотеза peripheral: входов 3, выходов 3; вход 78000.00, выход 240100.00 KZT; сильные правила не выполнены."
100000003617552100,terminal,1.0,27,0.265039,Гипотеза terminal: наблюдаемый выход/вход 0.000 ≤ 0.2; вход 25000.00 KZT; вне границы обхода.
100000003622955100,peripheral,0.2,11,0.385269,"Гипотеза peripheral: входов 1, выходов 0; вход 15000.00, выход 0.00 KZT; сильные правила не выполнены."
100000003626268100,peripheral,0.2,8,0.336628,"Гипотеза peripheral: входов 1, выходов 0; вход 5000.00, выход 0.00 KZT; сильные правила не выполнены."
100000003631015100,peripheral,0.2,65,0.406784,"Гипотеза peripheral: входов 1, выходов 0; вход 266000.00, выход 0.00 KZT; сильные правила не выполнены."
100000003632533100,peripheral,0.2,10,0.348863,"Гипотеза peripheral: входов 1, выходов 0; вход 10000.00, выход 0.00 KZT; сильные правила не выполнены."
100000003635170100,coordinator,0.92,53,0.504939,"Гипотеза coordinator: связь с 8 seed по путям; входов 3, выходов 4; посредничество 0.00018."
100000003635660100,terminal,1.0,0,0.36018,Гипотеза terminal: наблюдаемый выход/вход 0.000 ≤ 0.2; вход 18985.00 KZT; вне границы обхода.
100000003636627100,terminal,0.675325,41,0.408264,Гипотеза terminal: наблюдаемый выход/вход 0.130 ≤ 0.2; вход 77000.00 KZT; вне границы обхода.
100000003646145100,peripheral,0.2,42,0.345124,"Гипотеза peripheral: входов 1, выходов 0; вход 5000.00, выход 0.00 KZT; сильные правила не выполнены."
100000003647799100,terminal,1.0,10,0.389512,Гипотеза terminal: наблюдаемый выход/вход 0.000 ≤ 0.2; вход 100000.00 KZT; вне границы обхода.
100000003650146100,terminal,1.0,16,0.3553,Гипотеза terminal: наблюдаемый выход/вход 0.000 ≤ 0.2; вход 14400.00 KZT; вне границы обхода.
100000003664994100,peripheral,0.2,66,0.411027,"Гипотеза peripheral: входов 1, выходов 0; вход 338271.00, выход 0.00 KZT; сильные правила не выполнены."
100000003671721100,terminal,1.0,18,0.352725,Гипотеза terminal: наблюдаемый выход/вход 0.000 ≤ 0.2; вход 5000.00 KZT; вне границы обхода.
100000003677936100,terminal,0.542254,1,0.408158,Гипотеза terminal: наблюдаемый выход/вход 0.183 ≤ 0.2; вход 71000.00 KZT; вне границы обхода.
100000003684369100,coordinator,0.96,2,0.735495,"Гипотеза coordinator: связь с 9 seed по путям; входов 24, выходов 62; посредничество 0.00160."
100000003692843100,peripheral,0.2,54,0.418276,"Гипотеза peripheral: входов 1, выходов 0; вход 510000.00, выход 0.00 KZT; сильные правила не выполнены."
100000003696422100,peripheral,0.2,36,0.392435,"Гипотеза peripheral: входов 1, выходов 0; вход 118000.00, выход 0.00 KZT; сильные правила не выполнены."
100000003701161100,coordinator,0.88,29,0.519849,"Гипотеза coordinator: связь с 7 seed по путям; входов 4, выходов 3; посредничество 0.00021."
100000003711830100,terminal,1.0,8,0.377276,Гипотеза terminal: наблюдаемый выход/вход 0.000 ≤ 0.2; вход 50000.00 KZT; вне границы обхода.
100000003713616100,terminal,1.0,16,0.357042,Гипотеза terminal: наблюдаемый выход/вход 0.000 ≤ 0.2; вход 15893.00 KZT; вне границы обхода.
100000003718221100,peripheral,0.2,29,0.492394,"Гипотеза peripheral: входов 2, выходов 4; вход 350000.00, выход 423500.00 KZT; сильные правила не выполнены."
100000003718715100,peripheral,0.2,12,0.428595,"Гипотеза peripheral: входов 1, выходов 0; вход 915000.00, выход 0.00 KZT; сильные правила не выполнены."
100000003724440100,terminal,1.0,2,0.398486,Гипотеза terminal: наблюдаемый выход/вход 0.000 ≤ 0.2; вход 50000.00 KZT; вне границы обхода.
100000003736419100,peripheral,0.2,0,0.391824,"Гипотеза peripheral: входов 1, выходов 1; вход 23300.00, выход 10000.00 KZT; сильные правила не выполнены."
100000003739818100,terminal,1.0,2,0.402651,Гипотеза terminal: наблюдаемый выход/вход 0.000 ≤ 0.2; вход 57293.00 KZT; вне границы обхода.
100000003741418100,coordinator,0.88,10,0.500097,"Гипотеза coordinator: связь с 7 seed по путям; входов 9, выходов 3; посредничество 0.00004."
100000003747133100,coordinator,0.88,57,0.492549,"Гипотеза coordinator: связь с 7 seed по путям; входов 5, выходов 2; посредничество 0.00009."
100000003760160100,terminal,1.0,10,0.390284,Гипотеза terminal: наблюдаемый выход/вход 0.000 ≤ 0.2; вход 104470.00 KZT; вне границы обхода.
100000003770083100,peripheral,0.2,67,0.0,"Гипотеза peripheral: входов 0, выходов 0; вход 0.00, выход 0.00 KZT; сильные правила не выполнены."
100000003781406100,terminal,1.0,7,0.391512,Гипотеза terminal: наблюдаемый выход/вход 0.000 ≤ 0.2; вход 45000.00 KZT; вне границы обхода.
100000003782913100,peripheral,0.2,40,0.401749,"Гипотеза peripheral: входов 1, выходов 0; вход 200000.00, выход 0.00 KZT; сильные правила не выполнены."
100000003786516100,peripheral,0.2,0,0.336628,"Гипотеза peripheral: входов 1, выходов 0; вход 5000.00, выход 0.00 KZT; сильные правила не выполнены."
100000003792647100,peripheral,0.2,10,0.344924,"Гипотеза peripheral: входов 1, выходов 0; вход 8000.00, выход 0.00 KZT; сильные правила не выполнены."
100000003795588100,terminal,1.0,0,0.413986,Гипотеза terminal: наблюдаемый выход/вход 0.000 ≤ 0.2; вход 400000.00 KZT; вне границы обхода.
100000003796063100,distributor,0.875,10,0.552083,Гипотеза distributor: выход к 15 получателям при 1 плательщиках; выход 959150.00 KZT.
100000003798151100,terminal,1.0,16,0.411629,Гипотеза terminal: наблюдаемый выход/вход 0.000 ≤ 0.2; вход 350000.00 KZT; вне границы обхода.
100000003809101100,peripheral,0.2,11,0.463144,"Гипотеза peripheral: входов 2, выходов 2; вход 166050.00, выход 55200.00 KZT; сильные правила не выполнены."
100000003814002100,terminal,1.0,10,0.368258,Гипотеза terminal: наблюдаемый выход/вход 0.000 ≤ 0.2; вход 30000.00 KZT; вне границы обхода.
100000003819173100,peripheral,0.2,8,0.395923,"Гипотеза peripheral: входов 1, выходов 0; вход 143777.00, выход 0.00 KZT; сильные правила не выполнены."
100000003823811100,peripheral,0.2,49,0.439888,"Гипотеза peripheral: входов 1, выходов 3; вход 30000.00, выход 66130.00 KZT; сильные правила не выполнены."
100000003824464100,terminal,1.0,29,0.401749,Гипотеза terminal: наблюдаемый выход/вход 0.000 ≤ 0.2; вход 200000.00 KZT; вне границы обхода.
100000003831201100,terminal,1.0,0,0.373556,Гипотеза terminal: наблюдаемый выход/вход 0.000 ≤ 0.2; вход 40500.00 KZT; вне границы обхода.
100000003831324100,terminal,1.0,1,0.446214,Гипотеза terminal: наблюдаемый выход/вход 0.000 ≤ 0.2; вход 300000.00 KZT; вне границы обхода.
100000003832231100,terminal,1.0,2,0.39395,Гипотеза terminal: наблюдаемый выход/вход 0.000 ≤ 0.2; вход 35000.00 KZT; вне границы обхода.
100000003834495100,consolidator,0.65,0,0.469828,Гипотеза consolidator: вход от 3 плательщиков; 1 получателей; вход 602441.00 KZT.
100000003835149100,peripheral,0.2,21,0.394294,"Гипотеза peripheral: входов 1, выходов 2; вход 248500.00, выход 4600440.00 KZT; сильные правила не выполнены."
100000003838587100,peripheral,0.2,40,0.339846,"Гипотеза peripheral: входов 1, выходов 0; вход 6000.00, выход 0.00 KZT; сильные правила не выполнены."
100000003843844100,peripheral,0.2,12,0.427744,"Гипотеза peripheral: входов 1, выходов 1; вход 16680.00, выход 238000.00 KZT; сильные правила не выполнены."
100000003854444100,distributor,0.85,43,0.573949,Гипотеза distributor: выход к 14 получателям при 1 плательщиках; выход 2322909.00 KZT.
100000003865939100,terminal,1.0,68,0.285893,Гипотеза terminal: наблюдаемый выход/вход 0.000 ≤ 0.2; вход 81465.00 KZT; вне границы обхода.
100000003873332100,peripheral,0.2,43,0.489122,"Гипотеза peripheral: входов 1, выходов 4; вход 23468.00, выход 286000.00 KZT; сильные правила не выполнены."
100000003877908100,terminal,1.0,2,0.396308,Гипотеза terminal: наблюдаемый выход/вход 0.000 ≤ 0.2; вход 40000.00 KZT; вне границы обхода.
100000003880331100,distributor,0.9,8,0.578169,Гипотеза distributor: выход к 16 получателям при 1 плательщиках; выход 3904908.00 KZT.
100000003886323100,terminal,0.755335,16,0.423585,Гипотеза terminal: наблюдаемый выход/вход 0.098 ≤ 0.2; вход 78168.00 KZT; вне границы обхода.
100000003888197100,terminal,1.0,10,0.386258,Гипотеза terminal: наблюдаемый выход/вход 0.000 ≤ 0.2; вход 83167.00 KZT; вне границы обхода.
100000003888271100,peripheral,0.2,23,0.308684,"Гипотеза peripheral: входов 1, выходов 2; вход 12177.00, выход 25590.00 KZT; сильные правила не выполнены."
100000003888527100,terminal,1.0,66,0.368258,Гипотеза terminal: наблюдаемый выход/вход 0.000 ≤ 0.2; вход 30000.00 KZT; вне границы обхода.
100000003896956100,peripheral,0.2,16,0.393684,"Гипотеза peripheral: входов 1, выходов 1; вход 10000.00, выход 27000.00 KZT; сильные правила не выполнены."
100000003899325100,terminal,1.0,8,0.377318,Гипотеза terminal: наблюдаемый выход/вход 0.000 ≤ 0.2; вход 50120.00 KZT; вне границы обхода.
100000003899899100,terminal,0.885584,16,0.440874,Гипотеза terminal: наблюдаемый выход/вход 0.046 ≤ 0.2; вход 218500.00 KZT; вне границы обхода.
100000003900547100,terminal,1.0,16,0.364096,Гипотеза terminal: наблюдаемый выход/вход 0.000 ≤ 0.2; вход 23700.00 KZT; вне границы обхода.
100000003904497100,peripheral,0.2,4,0.36496,"Гипотеза peripheral: входов 1, выходов 0; вход 10000.00, выход 0.00 KZT; сильные правила не выполнены."
100000003917461100,peripheral,0.2,7,0.44954,"Гипотеза peripheral: входов 1, выходов 2; вход 10000.00, выход 140000.00 KZT; сильные правила не выполнены."
100000003920950100,terminal,1.0,1,0.410228,Гипотеза terminal: наблюдаемый выход/вход 0.000 ≤ 0.2; вход 323290.00 KZT; вне границы обхода.
100000003922499100,terminal,1.0,7,0.277276,Гипотеза terminal: наблюдаемый выход/вход 0.000 ≤ 0.2; вход 50000.00 KZT; вне границы обхода.
100000003923946100,peripheral,0.2,41,0.416104,"Гипотеза peripheral: входов 1, выходов 4; вход 282000.00, выход 675000.00 KZT; сильные правила не выполнены."
100000003927792100,terminal,1.0,3,0.353586,Гипотеза terminal: наблюдаемый выход/вход 0.000 ≤ 0.2; вход 13067.00 KZT; вне границы обхода.
100000003934614100,peripheral,0.2,62,0.403611,"Гипотеза peripheral: входов 2, выходов 1; вход 17000.00, выход 11500.00 KZT; сильные правила не выполнены."
100000003942602100,transit,1.0,22,0.301705,"Гипотеза transit: входов 1, выходов 1; наблюдаемый выход/вход 1.000; вход 30000.00 KZT."
100000003943247100,terminal,1.0,0,0.373336,Гипотеза terminal: наблюдаемый выход/вход 0.000 ≤ 0.2; вход 40000.00 KZT; вне границы обхода.
100000003943483100,terminal,1.0,7,0.35736,Гипотеза terminal: наблюдаемый выход/вход 0.000 ≤ 0.2; вход 10000.00 KZT; вне границы обхода.
100000003946524100,transit,0.917814,2,0.481067,"Гипотеза transit: входов 2, выходов 2; наблюдаемый выход/вход 1.082; вход 133757.00 KZT."
100000003950749100,peripheral,0.2,16,0.342567,"Гипотеза peripheral: входов 1, выходов 0; вход 7000.00, выход 0.00 KZT; сильные правила не выполнены."
100000003951827100,peripheral,0.2,0,0.402052,"Гипотеза peripheral: входов 1, выходов 2; вход 9000.00, выход 17000.00 KZT; сильные правила не выполнены."
100000003962994100,terminal,1.0,19,0.348863,Гипотеза terminal: наблюдаемый выход/вход 0.000 ≤ 0.2; вход 10000.00 KZT; вне границы обхода.
100000003964910100,terminal,1.0,28,0.451373,Гипотеза terminal: наблюдаемый выход/вход 0.000 ≤ 0.2; вход 1000000.00 KZT; вне границы обхода.
100000003968044100,peripheral,0.2,8,0.460899,"Гипотеза peripheral: входов 1, выходов 3; вход 40000.00, выход 311000.00 KZT; сильные правила не выполнены."
100000003970394100,terminal,1.0,7,0.286643,Гипотеза terminal: наблюдаемый выход/вход 0.000 ≤ 0.2; вход 85000.00 KZT; вне границы обхода.
100000003971049100,terminal,1.0,0,0.379245,Гипотеза terminal: наблюдаемый выход/вход 0.000 ≤ 0.2; вход 55900.00 KZT; вне границы обхода.
100000003975102100,peripheral,0.2,16,0.428108,"Гипотеза peripheral: входов 1, выходов 2; вход 25650.00, выход 88500.00 KZT; сильные правила не выполнены."
100000003977183100,peripheral,0.2,41,0.393635,"Гипотеза peripheral: входов 2, выходов 4; вход 123800.00, выход 766000.00 KZT; сильные правила не выполнены."
100000003980083100,terminal,1.0,61,0.268258,Гипотеза terminal: наблюдаемый выход/вход 0.000 ≤ 0.2; вход 30000.00 KZT; вне границы обхода.
100000003985389100,peripheral,0.2,8,0.414961,"Гипотеза peripheral: входов 1, выходов 0; вход 422698.00, выход 0.00 KZT; сильные правила не выполнены."
100000003986141100,terminal,1.0,28,0.337611,Гипотеза terminal: наблюдаемый выход/вход 0.000 ≤ 0.2; вход 5286.32 KZT; вне границы обхода.
100000003988112100,peripheral,0.2,49,0.418573,"Гипотеза peripheral: входов 1, выходов 1; вход 92000.00, выход 64000.00 KZT; сильные правила не выполнены."
100000003989033100,peripheral,0.2,24,0.312772,"Гипотеза peripheral: входов 1, выходов 0; вход 373400.00, выход 0.00 KZT; сильные правила не выполнены."
100000003996562100,terminal,1.0,0,0.34425,Гипотеза terminal: наблюдаемый выход/вход 0.000 ≤ 0.2; вход 7700.00 KZT; вне границы обхода.
100000004004621100,consolidator,0.65,12,0.443756,Гипотеза consolidator: вход от 3 плательщиков; 0 получателей; вход 75389.00 KZT.
100000004005964100,peripheral,0.2,34,0.364403,"Гипотеза peripheral: входов 3, выходов 3; вход 97900.00, выход 72000.00 KZT; сильные правила не выполнены."
100000004006327100,peripheral,0.2,4,0.417404,"Гипотеза peripheral: входов 1, выходов 0; вход 300000.00, выход 0.00 KZT; сильные правила не выполнены."
100000004007116100,peripheral,0.2,34,0.351069,"Гипотеза peripheral: входов 3, выходов 4; вход 764704.00, выход 148000.00 KZT; сильные правила не выполнены."
100000004007197100,terminal,1.0,34,0.248948,Гипотеза terminal: наблюдаемый выход/вход 0.000 ≤ 0.2; вход 10048.00 KZT; вне границы обхода.
100000004013952100,peripheral,0.2,0,0.33831,"Гипотеза peripheral: входов 1, выходов 0; вход 5500.00, выход 0.00 KZT; сильные правила не выполнены."
100000004015047100,consolidator,0.95,41,0.548996,Гипотеза consolidator: вход от 9 плательщиков; 1 получателей; вход 919104.00 KZT.
100000004017410100,distributor,0.625,62,0.511359,Гипотеза distributor: выход к 5 получателям при 2 плательщиках; выход 1330915.00 KZT.
100000004019056100,peripheral,0.2,12,0.377276,"Гипотеза peripheral: входов 1, выходов 0; вход 50000.00, выход 0.00 KZT; сильные правила не выполнены."
100000004019124100,consolidator,0.65,16,0.466628,Гипотеза consolidator: вход от 3 плательщиков; 0 получателей; вход 193000.00 KZT.
100000004021459100,peripheral,0.2,69,0.0,"Гипотеза peripheral: входов 0, выходов 0; вход 0.00, выход 0.00 KZT; сильные правила не выполнены."
100000004030553100,peripheral,0.2,35,0.283216,"Гипотеза peripheral: входов 1, выходов 0; вход 70000.00, выход 0.00 KZT; сильные правила не выполнены."
100000004035925100,peripheral,0.2,70,0.432031,"Гипотеза peripheral: входов 1, выходов 0; вход 1111588.00, выход 0.00 KZT; сильные правила не выполнены."
100000004041163100,peripheral,0.2,49,0.510834,"Гипотеза peripheral: входов 1, выходов 2; вход 50000.00, выход 866000.00 KZT; сильные правила не выполнены."
100000004041294100,peripheral,0.2,13,0.359042,"Гипотеза peripheral: входов 1, выходов 0; вход 17800.00, выход 0.00 KZT; сильные правила не выполнены."
100000004047887100,peripheral,0.2,30,0.368258,"Гипотеза peripheral: входов 1, выходов 0; вход 30000.00, выход 0.00 KZT; сильные правила не выполнены."
100000004049912100,peripheral,0.2,43,0.348863,"Гипотеза peripheral: входов 1, выходов 0; вход 10000.00, выход 0.00 KZT; сильные правила не выполнены."
100000004058740100,terminal,1.0,22,0.268258,Гипотеза terminal: наблюдаемый выход/вход 0.000 ≤ 0.2; вход 30000.00 KZT; вне границы обхода.
100000004064431100,peripheral,0.2,34,0.292686,"Гипотеза peripheral: входов 1, выходов 1; вход 26000.00, выход 10000.00 KZT; сильные правила не выполнены."
100000004066370100,peripheral,0.2,26,0.281907,"Гипотеза peripheral: входов 1, выходов 0; вход 65000.00, выход 0.00 KZT; сильные правила не выполнены."
100000004066647100,terminal,1.0,43,0.377625,Гипотеза terminal: наблюдаемый выход/вход 0.000 ≤ 0.2; вход 51000.00 KZT; вне границы обхода.
100000004070318100,coordinator,0.88,0,0.690173,"Гипотеза coordinator: связь с 7 seed по путям; входов 4, выходов 19; посредничество 0.00457."
100000004070530100,peripheral,0.2,30,0.3611,"Гипотеза peripheral: входов 1, выходов 0; вход 20000.00, выход 0.00 KZT; сильные правила не выполнены."
100000004071070100,terminal,0.634146,0,0.412442,Гипотеза terminal: наблюдаемый выход/вход 0.146 ≤ 0.2; вход 41000.00 KZT; вне границы обхода.
100000004071080100,coordinator,0.88,0,0.502558,"Гипотеза coordinator: связь с 7 seed по путям; входов 9, выходов 2; посредничество 0.00003."
100000004071444100,peripheral,0.2,0,0.433219,"Гипотеза peripheral: входов 1, выходов 1; вход 247350.00, выход 100000.00 KZT; сильные правила не выполнены."
100000004076740100,coordinator,0.88,62,0.498735,"Гипотеза coordinator: связь с 7 seed по путям; входов 3, выходов 6; посредничество 0.00038."
100000004077081100,peripheral,0.2,2,0.483195,"Гипотеза peripheral: входов 1, выходов 4; вход 140000.00, выход 615000.00 KZT; сильные правила не выполнены."
100000004094958100,transit,0.974359,71,0.306561,"Гипотеза transit: входов 1, выходов 1; наблюдаемый выход/вход 1.026; вход 39000.00 KZT."
100000004096559100,terminal,1.0,1,0.27588,Гипотеза terminal: наблюдаемый выход/вход 0.000 ≤ 0.2; вход 46200.00 KZT; вне границы обхода.
100000004097972100,terminal,0.7897,0,0.431278,Гипотеза terminal: наблюдаемый выход/вход 0.084 ≤ 0.2; вход 118878.00 KZT; вне границы обхода.
100000004099450100,terminal,1.0,0,0.368836,Гипотеза terminal: наблюдаемый выход/вход 0.000 ≤ 0.2; вход 31000.00 KZT; вне границы обхода.
100000004105288100,terminal,1.0,2,0.453485,Гипотеза terminal: наблюдаемый выход/вход 0.000 ≤ 0.2; вход 215000.00 KZT; вне границы обхода.
100000004107228100,peripheral,0.2,2,0.336628,"Гипотеза peripheral: входов 1, выходов 0; вход 5000.00, выход 0.00 KZT; сильные правила не выполнены."
100000004114962100,terminal,1.0,10,0.419563,Гипотеза terminal: наблюдаемый выход/вход 0.000 ≤ 0.2; вход 165000.00 KZT; вне границы обхода.
100000004130144100,terminal,1.0,1,0.301749,Гипотеза terminal: наблюдаемый выход/вход 0.000 ≤ 0.2; вход 200000.00 KZT; вне границы обхода.
100000004134060100,terminal,1.0,35,0.395788,Гипотеза terminal: наблюдаемый выход/вход 0.000 ≤ 0.2; вход 88179.00 KZT; вне границы обхода.
100000004135268100,transit,0.807264,58,0.401864,"Гипотеза transit: входов 2, выходов 3; наблюдаемый выход/вход 0.807; вход 1239000.00 KZT."
100000004140487100,distributor,0.75,2,0.504148,Гипотеза distributor: выход к 10 получателям при 1 плательщиках; выход 262600.00 KZT.
100000004140994100,terminal,1.0,22,0.259866,Гипотеза terminal: наблюдаемый выход/вход 0.000 ≤ 0.2; вход 18650.00 KZT; вне границы обхода.
100000004144536100,consolidator,0.7,34,0.346603,Гипотеза consolidator: вход от 4 плательщиков; 0 получателей; вход 168000.00 KZT.
100000004150593100,distributor,0.775,16,0.533286,Гипотеза distributor: выход к 11 получателям при 1 плательщиках; выход 871165.00 KZT.
100000004156082100,coordinator,0.88,3,0.604321,"Гипотеза coordinator: связь с 7 seed по путям; входов 5, выходов 26; посредничество 0.00039."
100000004158362100,terminal,1.0,0,0.352082,Гипотеза terminal: наблюдаемый выход/вход 0.000 ≤ 0.2; вход 12000.00 KZT; вне границы обхода.
100000004159526100,coordinator,0.92,40,0.501018,"Гипотеза coordinator: связь с 8 seed по путям; входов 4, выходов 4; посредничество 0.00009."
100000004160650100,distributor,0.75,34,0.435985,Гипотеза distributor: выход к 10 получателям при 2 плательщиках; выход 1489827.00 KZT.
100000004167082100,peripheral,0.2,12,0.353898,"Гипотеза peripheral: входов 1, выходов 0; вход 13300.00, выход 0.00 KZT; сильные правила не выполнены."
100000004174835100,peripheral,0.2,72,0.0,"Гипотеза peripheral: входов 0, выходов 0; вход 0.00, выход 0.00 KZT; сильные правила не выполнены."
100000004177936100,peripheral,0.2,8,0.348863,"Гипотеза peripheral: входов 1, выходов 0; вход 10000.00, выход 0.00 KZT; сильные правила не выполнены."
100000004180097100,coordinator,0.88,0,0.470731,"Гипотеза coordinator: связь с 7 seed по путям; входов 3, выходов 3; посредничество 0.00028."
100000004183610100,peripheral,0.2,12,0.450738,"Гипотеза peripheral: входов 1, выходов 1; вход 22000.00, выход 915000.00 KZT; сильные правила не выполнены."
100000004184158100,terminal,1.0,0,0.402082,Гипотеза terminal: наблюдаемый выход/вход 0.000 ≤ 0.2; вход 203805.00 KZT; вне границы обхода.
100000004185681100,terminal,1.0,2,0.348863,Гипотеза terminal: наблюдаемый выход/вход 0.000 ≤ 0.2; вход 10000.00 KZT; вне границы обхода.
100000004186824100,terminal,0.961257,16,0.452663,Гипотеза terminal: наблюдаемый выход/вход 0.015 ≤ 0.2; вход 451700.00 KZT; вне границы обхода.
100000004188160100,distributor,0.625,16,0.599541,Гипотеза distributor: выход к 5 получателям при 2 плательщиках; выход 133846.00 KZT.
100000004192107100,terminal,1.0,2,0.373535,Гипотеза terminal: наблюдаемый выход/вход 0.000 ≤ 0.2; вход 25000.00 KZT; вне границы обхода.
100000004192865100,terminal,1.0,27,0.282354,Гипотеза terminal: наблюдаемый выход/вход 0.000 ≤ 0.2; вход 66666.00 KZT; вне границы обхода.
100000004193835100,peripheral,0.2,16,0.399332,"Гипотеза peripheral: входов 1, выходов 1; вход 47000.00, выход 5000.00 KZT; сильные правила не выполнены."
100000004200745100,peripheral,0.2,7,0.410241,"Гипотеза peripheral: входов 1, выходов 0; вход 130000.00, выход 0.00 KZT; сильные правила не выполнены."
100000004206046100,terminal,1.0,16,0.350666,Гипотеза terminal: наблюдаемый выход/вход 0.000 ≤ 0.2; вход 11075.00 KZT; вне границы обхода.
100000004209339100,peripheral,0.2,53,0.458313,"Гипотеза peripheral: входов 1, выходов 2; вход 138500.00, выход 238500.00 KZT; сильные правила не выполнены."
100000004213658100,terminal,1.0,22,0.265282,Гипотеза terminal: наблюдаемый выход/вход 0.000 ≤ 0.2; вход 25347.00 KZT; вне границы обхода.
100000004217419100,terminal,0.83714,8,0.430351,Гипотеза terminal: наблюдаемый выход/вход 0.065 ≤ 0.2; вход 118200.00 KZT; вне границы обхода.
100000004218576100,terminal,1.0,22,0.265829,Гипотеза terminal: наблюдаемый выход/вход 0.000 ≤ 0.2; вход 26144.00 KZT; вне границы обхода.
100000004221668100,peripheral,0.2,41,0.414148,"Гипотеза peripheral: входов 4, выходов 3; вход 1128300.00, выход 731440.00 KZT; сильные правила не выполнены."
100000004222274100,peripheral,0.2,0,0.3566,"Гипотеза peripheral: входов 1, выходов 0; вход 15500.00, выход 0.00 KZT; сильные правила не выполнены."
100000004225615100,terminal,1.0,4,0.287652,Гипотеза terminal: наблюдаемый выход/вход 0.000 ≤ 0.2; вход 90000.00 KZT; вне границы обхода.
100000004226848100,terminal,1.0,2,0.431989,Гипотеза terminal: наблюдаемый выход/вход 0.000 ≤ 0.2; вход 301866.00 KZT; вне границы обхода.
100000004232712100,peripheral,0.2,10,0.352803,"Гипотеза peripheral: входов 1, выходов 0; вход 12500.00, выход 0.00 KZT; сильные правила не выполнены."
100000004235471100,peripheral,0.2,10,0.399889,"Гипотеза peripheral: входов 1, выходов 0; вход 180000.00, выход 0.00 KZT; сильные правила не выполнены."
100000004241142100,peripheral,0.2,0,0.366464,"Гипотеза peripheral: входов 1, выходов 0; вход 27102.00, выход 0.00 KZT; сильные правила не выполнены."
100000004254434100,terminal,1.0,22,0.275196,Гипотеза terminal: наблюдаемый выход/вход 0.000 ≤ 0.2; вход 44445.00 KZT; вне границы обхода.
100000004257714100,terminal,1.0,22,0.278043,Гипотеза terminal: наблюдаемый выход/вход 0.000 ≤ 0.2; вход 52220.00 KZT; вне границы обхода.
100000004260869100,peripheral,0.2,16,0.348863,"Гипотеза peripheral: входов 1, выходов 0; вход 10000.00, выход 0.00 KZT; сильные правила не выполнены."
100000004261340100,peripheral,0.2,0,0.376738,"Гипотеза peripheral: входов 1, выходов 0; вход 48500.00, выход 0.00 KZT; сильные правила не выполнены."
100000004263867100,peripheral,0.2,47,0.247004,"Гипотеза peripheral: входов 1, выходов 0; вход 9000.00, выход 0.00 KZT; сильные правила не выполнены."
100000004265639100,peripheral,0.2,8,0.348863,"Гипотеза peripheral: входов 1, выходов 0; вход 10000.00, выход 0.00 KZT; сильные правила не выполнены."
100000004268036100,peripheral,0.2,47,0.23831,"Гипотеза peripheral: входов 1, выходов 0; вход 5500.00, выход 0.00 KZT; сильные правила не выполнены."
100000004269433100,peripheral,0.2,3,0.285746,"Гипотеза peripheral: входов 0, выходов 1; вход 0.00, выход 1372000.00 KZT; сильные правила не выполнены."
100000004272302100,peripheral,0.2,57,0.348863,"Гипотеза peripheral: входов 1, выходов 0; вход 10000.00, выход 0.00 KZT; сильные правила не выполнены."
100000004278574100,peripheral,0.2,10,0.393921,"Гипотеза peripheral: входов 1, выходов 1; вход 25000.00, выход 12500.00 KZT; сильные правила не выполнены."
100000004285800100,peripheral,0.2,0,0.405281,"Гипотеза peripheral: входов 1, выходов 1; вход 5000.00, выход 15000.00 KZT; сильные правила не выполнены."
100000004286573100,terminal,1.0,7,0.2578,Гипотеза terminal: наблюдаемый выход/вход 0.000 ≤ 0.2; вход 16590.00 KZT; вне границы обхода.
100000004291560100,terminal,1.0,0,0.376254,Гипотеза terminal: наблюдаемый выход/вход 0.000 ≤ 0.2; вход 47190.00 KZT; вне границы обхода.
100000004291663100,peripheral,0.2,0,0.365039,"Гипотеза peripheral: входов 1, выходов 0; вход 25000.00, выход 0.00 KZT; сильные правила не выполнены."
100000004292885100,terminal,1.0,22,0.291623,Гипотеза terminal: наблюдаемый выход/вход 0.000 ≤ 0.2; вход 112700.00 KZT; вне границы обхода.
100000004299488100,coordinator,0.88,0,0.522404,"Гипотеза coordinator: связь с 7 seed по путям; входов 6, выходов 2; посредничество 0.00002."
100000004315838100,peripheral,0.2,2,0.442448,"Гипотеза peripheral: входов 2, выходов 1; вход 50000.00, выход 18000.00 KZT; сильные правила не выполнены."
100000004318918100,terminal,1.0,11,0.393071,Гипотеза terminal: наблюдаемый выход/вход 0.000 ≤ 0.2; вход 75600.00 KZT; вне границы обхода.
100000004321983100,peripheral,0.2,41,0.312561,"Гипотеза peripheral: входов 1, выходов 2; вход 10840.00, выход 36200.00 KZT; сильные правила не выполнены."
100000004325327100,transit,0.988463,0,0.432842,"Гипотеза transit: входов 2, выходов 1; наблюдаемый выход/вход 0.988; вход 70817.00 KZT."
100000004326224100,peripheral,0.2,10,0.380494,"Гипотеза peripheral: входов 1, выходов 0; вход 60000.00, выход 0.00 KZT; сильные правила не выполнены."
100000004330371100,peripheral,0.2,16,0.460318,"Гипотеза peripheral: входов 2, выходов 2; вход 264171.00, выход 90681.00 KZT; сильные правила не выполнены."
100000004331458100,terminal,1.0,71,0.326899,Гипотеза terminal: наблюдаемый выход/вход 0.000 ≤ 0.2; вход 250000.00 KZT; вне границы обхода.
100000004336228100,terminal,1.0,8,0.377766,Гипотеза terminal: наблюдаемый выход/вход 0.000 ≤ 0.2; вход 51407.00 KZT; вне границы обхода.
100000004336312100,coordinator,0.88,62,0.456539,"Гипотеза coordinator: связь с 7 seed по путям; входов 3, выходов 2; посредничество 0.00003."
100000004340038100,peripheral,0.2,12,0.401915,"Гипотеза peripheral: входов 1, выходов 1; вход 9978.00, выход 49000.00 KZT; сильные правила не выполнены."
100000004350094100,peripheral,0.2,43,0.3611,"Гипотеза peripheral: входов 1, выходов 0; вход 20000.00, выход 0.00 KZT; сильные правила не выполнены."
100000004351795100,coordinator,0.88,0,0.619619,"Гипотеза coordinator: связь с 7 seed по путям; входов 3, выходов 14; посредничество 0.00216."
100000004356593100,terminal,0.5,2,0.402218,Гипотеза terminal: наблюдаемый выход/вход 0.200 ≤ 0.2; вход 50000.00 KZT; вне границы обхода.
100000004358004100,distributor,0.775,2,0.37355,Гипотеза distributor: выход к 11 получателям при 0 плательщиках; выход 980850.00 KZT.
100000004360785100,terminal,1.0,16,0.388552,Гипотеза terminal: наблюдаемый выход/вход 0.000 ≤ 0.2; вход 94705.00 KZT; вне границы обхода.
100000004368189100,terminal,0.816693,24,0.380255,Гипотеза terminal: наблюдаемый выход/вход 0.073 ≤ 0.2; вход 384600.00 KZT; вне границы обхода.
100000004377043100,peripheral,0.2,15,0.338941,"Гипотеза peripheral: входов 1, выходов 0; вход 5700.00, выход 0.00 KZT; сильные правила не выполнены."
100000004379306100,peripheral,0.2,8,0.356021,"Гипотеза peripheral: входов 1, выходов 0; вход 15000.00, выход 0.00 KZT; сильные правила не выполнены."
100000004386258100,coordinator,0.96,7,0.474521,"Гипотеза coordinator: связь с 9 seed по путям; входов 3, выходов 3; посредничество 0.00010."
100000004386286100,peripheral,0.2,7,0.368899,"Гипотеза peripheral: входов 1, выходов 0; вход 12500.00, выход 0.00 KZT; сильные правила не выполнены."
100000004386331100,transit,0.875,7,0.425066,"Гипотеза transit: входов 1, выходов 2; наблюдаемый выход/вход 0.875; вход 20000.00 KZT."
100000004388209100,terminal,1.0,22,0.251785,Гипотеза terminal: наблюдаемый выход/вход 0.000 ≤ 0.2; вход 11800.00 KZT; вне границы обхода.
100000004388353100,terminal,1.0,11,0.411051,Гипотеза terminal: наблюдаемый выход/вход 0.000 ≤ 0.2; вход 62960.00 KZT; вне границы обхода.
100000004388983100,peripheral,0.2,73,0.287308,"Гипотеза peripheral: входов 0, выходов 2; вход 0.00, выход 450816.00 KZT; сильные правила не выполнены."
100000004390333100,distributor,0.725,0,0.519585,Гипотеза distributor: выход к 9 получателям при 2 плательщиках; выход 506500.00 KZT.
100000004394765100,coordinator,0.88,16,0.482819,"Гипотеза coordinator: связь с 7 seed по путям; входов 3, выходов 2; посредничество 0.00006."
100000004398811100,peripheral,0.2,2,0.385113,"Гипотеза peripheral: входов 1, выходов 3; вход 426000.00, выход 1040672.00 KZT; сильные правила не выполнены."
100000004399686100,terminal,1.0,21,0.326355,Гипотеза terminal: наблюдаемый выход/вход 0.000 ≤ 0.2; вход 806000.00 KZT; вне границы обхода.
100000004400305100,coordinator,0.88,0,0.775087,"Гипотеза coordinator: связь с 7 seed по путям; входов 7, выходов 82; посредничество 0.00386."
100000004400361100,terminal,1.0,16,0.348863,Гипотеза terminal: наблюдаемый выход/вход 0.000 ≤ 0.2; вход 10000.00 KZT; вне границы обхода.
100000004400480100,peripheral,0.2,24,0.291788,"Гипотеза peripheral: входов 1, выходов 0; вход 21700.00, выход 0.00 KZT; сильные правила не выполнены."
100000004403548100,peripheral,0.2,8,0.336628,"Гипотеза peripheral: входов 1, выходов 0; вход 5000.00, выход 0.00 KZT; сильные правила не выполнены."
100000004403641100,peripheral,0.2,24,0.407532,"Гипотеза peripheral: входов 1, выходов 0; вход 171500.00, выход 0.00 KZT; сильные правила не выполнены."
100000004403675100,coordinator,0.88,49,0.541436,"Гипотеза coordinator: связь с 7 seed по путям; входов 4, выходов 5; посредничество 0.00140."
100000004407753100,peripheral,0.2,15,0.432839,"Гипотеза peripheral: входов 1, выходов 1; вход 250000.00, выход 100000.00 KZT; сильные правила не выполнены."
100000004408683100,terminal,1.0,16,0.412868,Гипотеза terminal: наблюдаемый выход/вход 0.000 ≤ 0.2; вход 112919.68 KZT; вне границы обхода.
100000004410489100,terminal,1.0,2,0.378634,Гипотеза terminal: наблюдаемый выход/вход 0.000 ≤ 0.2; вход 54000.00 KZT; вне границы обхода.
100000004417753100,terminal,1.0,2,0.422248,Гипотеза terminal: наблюдаемый выход/вход 0.000 ≤ 0.2; вход 192099.00 KZT; вне границы обхода.
100000004418967100,peripheral,0.2,4,0.398009,"Гипотеза peripheral: входов 1, выходов 0; вход 100000.00, выход 0.00 KZT; сильные правила не выполнены."
100000004420041100,distributor,0.675,7,0.507297,Гипотеза distributor: выход к 7 получателям при 1 плательщиках; выход 651830.00 KZT.
100000004424023100,peripheral,0.2,24,0.434491,"Гипотеза peripheral: входов 1, выходов 1; вход 50000.00, выход 100000.00 KZT; сильные правила не выполнены."
100000004433250100,peripheral,0.2,0,0.344924,"Гипотеза peripheral: входов 1, выходов 0; вход 8000.00, выход 0.00 KZT; сильные правила не выполнены."
100000004435304100,terminal,1.0,22,0.265867,Гипотеза terminal: наблюдаемый выход/вход 0.000 ≤ 0.2; вход 26200.00 KZT; вне границы обхода.
100000004441291100,terminal,1.0,2,0.384071,Гипотеза terminal: наблюдаемый выход/вход 0.000 ≤ 0.2; вход 20000.00 KZT; вне границы обхода.
100000004445291100,terminal,1.0,13,0.360653,Гипотеза terminal: наблюдаемый выход/вход 0.000 ≤ 0.2; вход 19500.00 KZT; вне границы обхода.
100000004449824100,peripheral,0.2,47,0.247004,"Гипотеза peripheral: входов 1, выходов 0; вход 9000.00, выход 0.00 KZT; сильные правила не выполнены."
100000004450649100,peripheral,0.2,10,0.453344,"Гипотеза peripheral: входов 2, выходов 2; вход 192528.00, выход 46527.00 KZT; сильные правила не выполнены."
100000004451012100,peripheral,0.2,43,0.446947,"Гипотеза peripheral: входов 1, выходов 3; вход 91245.00, выход 65740.00 KZT; сильные правила не выполнены."
100000004456564100,terminal,1.0,40,0.35736,Гипотеза terminal: наблюдаемый выход/вход 0.000 ≤ 0.2; вход 10000.00 KZT; вне границы обхода.
100000004463277100,terminal,1.0,27,0.270979,Гипотеза terminal: наблюдаемый выход/вход 0.000 ≤ 0.2; вход 35000.00 KZT; вне границы обхода.
100000004467157100,peripheral,0.2,62,0.387608,"Гипотеза peripheral: входов 1, выходов 1; вход 20000.00, выход 7000.00 KZT; сильные правила не выполнены."
100000004472936100,peripheral,0.2,12,0.336628,"Гипотеза peripheral: входов 1, выходов 0; вход 5000.00, выход 0.00 KZT; сильные правила не выполнены."
100000004475818100,peripheral,0.2,10,0.43298,"Гипотеза peripheral: входов 1, выходов 3; вход 13000.00, выход 53989.00 KZT; сильные правила не выполнены."
100000004479404100,peripheral,0.2,50,0.479288,"Гипотеза peripheral: входов 2, выходов 1; вход 1492000.00, выход 300000.00 KZT; сильные правила не выполнены."
100000004480280100,peripheral,0.2,2,0.475618,"Гипотеза peripheral: входов 1, выходов 2; вход 146694.00, выход 295850.00 KZT; сильные правила не выполнены."
100000004486525100,consolidator,0.9,0,0.511238,Гипотеза consolidator: вход от 8 плательщиков; 2 получателей; вход 360924.00 KZT.
100000004488265100,terminal,1.0,8,0.372771,Гипотеза terminal: наблюдаемый выход/вход 0.000 ≤ 0.2; вход 38740.00 KZT; вне границы обхода.
100000004491749100,terminal,1.0,41,0.277276,Гипотеза terminal: наблюдаемый выход/вход 0.000 ≤ 0.2; вход 50000.00 KZT; вне границы обхода.
100000004491881100,terminal,1.0,22,0.25838,Гипотеза terminal: наблюдаемый выход/вход 0.000 ≤ 0.2; вход 17144.00 KZT; вне границы обхода.
100000004493586100,terminal,1.0,0,0.343785,Гипотеза terminal: наблюдаемый выход/вход 0.000 ≤ 0.2; вход 7500.00 KZT; вне границы обхода.
100000004494983100,terminal,1.0,22,0.270979,Гипотеза terminal: наблюдаемый выход/вход 0.000 ≤ 0.2; вход 35000.00 KZT; вне границы обхода.
100000004497606100,terminal,1.0,22,0.256639,Гипотеза terminal: наблюдаемый выход/вход 0.000 ≤ 0.2; вход 15534.00 KZT; вне границы обхода.
100000004500444100,peripheral,0.2,40,0.442742,"Гипотеза peripheral: входов 2, выходов 1; вход 180000.00, выход 74000.00 KZT; сильные правила не выполнены."
100000004500781100,peripheral,0.2,40,0.384197,"Гипотеза peripheral: входов 1, выходов 0; вход 74000.00, выход 0.00 KZT; сильные правила не выполнены."
100000004502048100,peripheral,0.2,43,0.354661,"Гипотеза peripheral: входов 1, выходов 0; вход 13888.00, выход 0.00 KZT; сильные правила не выполнены."
100000004508696100,peripheral,0.2,19,0.441402,"Гипотеза peripheral: входов 1, выходов 3; вход 7000.00, выход 111000.00 KZT; сильные правила не выполнены."
100000004509286100,terminal,1.0,2,0.396308,Гипотеза terminal: наблюдаемый выход/вход 0.000 ≤ 0.2; вход 40000.00 KZT; вне границы обхода.
100000004526651100,peripheral,0.2,4,0.378436,"Гипотеза peripheral: входов 1, выходов 0; вход 33000.00, выход 0.00 KZT; сильные правила не выполнены."
100000004527381100,peripheral,0.2,3,0.434894,"Гипотеза peripheral: входов 1, выходов 1; вход 119333.17, выход 273866.11 KZT; сильные правила не выполнены."
100000004539443100,terminal,1.0,2,0.425252,Гипотеза terminal: наблюдаемый выход/вход 0.000 ≤ 0.2; вход 61990.00 KZT; вне границы обхода.
100000004544958100,terminal,0.654762,11,0.446224,Гипотеза terminal: наблюдаемый выход/вход 0.138 ≤ 0.2; вход 168000.00 KZT; вне границы обхода.
100000004549591100,peripheral,0.2,19,0.376919,"Гипотеза peripheral: входов 1, выходов 0; вход 49000.00, выход 0.00 KZT; сильные правила не выполнены."
100000004552204100,peripheral,0.2,42,0.41494,"Гипотеза peripheral: входов 1, выходов 2; вход 22500.00, выход 10000.00 KZT; сильные правила не выполнены."
100000004553349100,terminal,1.0,10,0.344375,Гипотеза terminal: наблюдаемый выход/вход 0.000 ≤ 0.2; вход 7755.00 KZT; вне границы обхода.
100000004559194100,terminal,1.0,16,0.407824,Гипотеза terminal: наблюдаемый выход/вход 0.000 ≤ 0.2; вход 282145.00 KZT; вне границы обхода.
100000004564736100,terminal,1.0,29,0.356021,Гипотеза terminal: наблюдаемый выход/вход 0.000 ≤ 0.2; вход 15000.00 KZT; вне границы обхода.
100000004569484100,peripheral,0.2,18,0.57443,"Гипотеза peripheral: входов 2, выходов 4; вход 98312.00, выход 156000.00 KZT; сильные правила не выполнены."
100000004569637100,peripheral,0.2,8,0.33831,"Гипотеза peripheral: входов 1, выходов 0; вход 5500.00, выход 0.00 KZT; сильные правила не выполнены."
100000004571634100,peripheral,0.2,11,0.369596,"Гипотеза peripheral: входов 1, выходов 0; вход 20000.00, выход 0.00 KZT; сильные правила не выполнены."
100000004573782100,terminal,1.0,1,0.256021,Гипотеза terminal: наблюдаемый выход/вход 0.000 ≤ 0.2; вход 15000.00 KZT; вне границы обхода.
100000004580202100,peripheral,0.2,29,0.428415,"Гипотеза peripheral: входов 1, выходов 3; вход 9000.00, выход 45000.00 KZT; сильные правила не выполнены."
100000004580254100,terminal,1.0,28,0.388212,Гипотеза terminal: наблюдаемый выход/вход 0.000 ≤ 0.2; вход 27940.00 KZT; вне границы обхода.
100000004584730100,peripheral,0.2,50,0.376183,"Гипотеза peripheral: входов 1, выходов 0; вход 47000.00, выход 0.00 KZT; сильные правила не выполнены."
100000004586598100,peripheral,0.2,25,0.425347,"Гипотеза peripheral: входов 1, выходов 0; вход 761255.00, выход 0.00 KZT; сильные правила не выполнены."
100000004587414100,terminal,1.0,10,0.440284,Гипотеза terminal: наблюдаемый выход/вход 0.000 ≤ 0.2; вход 533603.00 KZT; вне границы обхода.
100000004588479100,terminal,1.0,16,0.399656,Гипотеза terminal: наблюдаемый выход/вход 0.000 ≤ 0.2; вход 177633.00 KZT; вне границы обхода.
100000004591973100,peripheral,0.2,7,0.429015,"Гипотеза peripheral: входов 1, выходов 1; вход 10000.00, выход 100000.00 KZT; сильные правила не выполнены."
100000004592467100,terminal,1.0,2,0.242567,Гипотеза terminal: наблюдаемый выход/вход 0.000 ≤ 0.2; вход 7000.00 KZT; вне границы обхода.
100000004596284100,peripheral,0.2,16,0.368258,"Гипотеза peripheral: входов 1, выходов 0; вход 30000.00, выход 0.00 KZT; сильные правила не выполнены."
100000004601193100,peripheral,0.2,11,0.394931,"Гипотеза peripheral: входов 1, выходов 0; вход 84000.00, выход 0.00 KZT; сильные правила не выполнены."
100000004603109100,consolidator,0.65,21,0.437025,Гипотеза consolidator: вход от 3 плательщиков; 2 получателей; вход 2730000.00 KZT.
100000004610802100,peripheral,0.2,56,0.405042,"Гипотеза peripheral: входов 1, выходов 0; вход 241000.00, выход 0.00 KZT; сильные правила не выполнены."
100000004611571100,terminal,1.0,0,0.363218,Гипотеза terminal: наблюдаемый выход/вход 0.000 ≤ 0.2; вход 22550.00 KZT; вне границы обхода.
100000004613582100,peripheral,0.2,1,0.276633,"Гипотеза peripheral: входов 1, выходов 1; вход 5000.00, выход 9500.00 KZT; сильные правила не выполнены."
100000004616845100,peripheral,0.2,44,0.361275,"Гипотеза peripheral: входов 1, выходов 0; вход 20200.00, выход 0.00 KZT; сильные правила не выполнены."
100000004622227100,peripheral,0.2,0,0.423928,"Гипотеза peripheral: входов 1, выходов 3; вход 24931.00, выход 19000.00 KZT; сильные правила не выполнены."
100000004629688100,peripheral,0.2,3,0.38231,"Гипотеза peripheral: входов 1, выходов 1; вход 5000.00, выход 15000.00 KZT; сильные правила не выполнены."
100000004634420100,terminal,1.0,22,0.265833,Гипотеза terminal: наблюдаемый выход/вход 0.000 ≤ 0.2; вход 26150.00 KZT; вне границы обхода.
100000004635886100,terminal,1.0,16,0.363567,Гипотеза terminal: наблюдаемый выход/вход 0.000 ≤ 0.2; вход 23000.00 KZT; вне границы обхода.
100000004644615100,peripheral,0.2,24,0.351542,"Гипотеза peripheral: входов 1, выходов 2; вход 50810.00, выход 379665.00 KZT; сильные правила не выполнены."
100000004652395100,consolidator,0.65,0,0.426039,Гипотеза consolidator: вход от 3 плательщиков; 0 получателей; вход 101528.00 KZT.
100000004655046100,peripheral,0.2,18,0.380415,"Гипотеза peripheral: входов 1, выходов 0; вход 24000.00, выход 0.00 KZT; сильные правила не выполнены."
100000004657034100,terminal,1.0,10,0.39561,Гипотеза terminal: наблюдаемый выход/вход 0.000 ≤ 0.2; вход 141250.00 KZT; вне границы обхода.
100000004659919100,peripheral,0.2,48,0.441248,"Гипотеза peripheral: входов 1, выходов 1; вход 110000.00, выход 39000.00 KZT; сильные правила не выполнены."
100000004662806100,peripheral,0.2,7,0.455967,"Гипотеза peripheral: входов 2, выходов 2; вход 106585.00, выход 59900.00 KZT; сильные правила не выполнены."
100000004664515100,terminal,1.0,0,0.372287,Гипотеза terminal: наблюдаемый выход/вход 0.000 ≤ 0.2; вход 37691.00 KZT; вне границы обхода.
100000004664905100,terminal,1.0,16,0.431748,Гипотеза terminal: наблюдаемый выход/вход 0.000 ≤ 0.2; вход 329020.00 KZT; вне границы обхода.
100000004666651100,terminal,1.0,74,0.438204,Гипотеза terminal: наблюдаемый выход/вход 0.000 ≤ 0.2; вход 429250.00 KZT; вне границы обхода.
100000004670388100,peripheral,0.2,6,0.464789,"Гипотеза peripheral: входов 1, выходов 2; вход 160354.00, выход 720000.00 KZT; сильные правила не выполнены."
100000004671609100,terminal,1.0,24,0.405609,Гипотеза terminal: наблюдаемый выход/вход 0.000 ≤ 0.2; вход 100000.00 KZT; вне границы обхода.
100000004673335100,peripheral,0.2,33,0.385573,"Гипотеза peripheral: входов 1, выходов 0; вход 80000.00, выход 0.00 KZT; сильные правила не выполнены."
100000004674178100,peripheral,0.2,13,0.3611,"Гипотеза peripheral: входов 1, выходов 0; вход 20000.00, выход 0.00 KZT; сильные правила не выполнены."
100000004674389100,peripheral,0.2,11,0.364517,"Гипотеза peripheral: входов 1, выходов 0; вход 15000.00, выход 0.00 KZT; сильные правила не выполнены."
100000004674412100,peripheral,0.2,11,0.3843,"Гипотеза peripheral: входов 1, выходов 0; вход 46000.00, выход 0.00 KZT; сильные правила не выполнены."
100000004674799100,terminal,1.0,0,0.395453,Гипотеза terminal: наблюдаемый выход/вход 0.000 ≤ 0.2; вход 140000.00 KZT; вне границы обхода.
100000004676985100,transit,0.840112,0,0.402029,"Гипотеза transit: входов 1, выходов 1; наблюдаемый выход/вход 0.840; вход 32260.00 KZT."
100000004677680100,peripheral,0.2,11,0.450076,"Гипотеза peripheral: входов 2, выходов 1; вход 63000.00, выход 168000.00 KZT; сильные правила не выполнены."
100000004679953100,coordinator,0.88,8,0.487626,"Гипотеза coordinator: связь с 7 seed по путям; входов 3, выходов 3; посредничество 0.00031."
100000004687099100,terminal,1.0,1,0.268258,Гипотеза terminal: наблюдаемый выход/вход 0.000 ≤ 0.2; вход 30000.00 KZT; вне границы обхода.
100000004687282100,terminal,1.0,16,0.3611,Гипотеза terminal: наблюдаемый выход/вход 0.000 ≤ 0.2; вход 20000.00 KZT; вне границы обхода.
100000004689658100,terminal,0.961127,8,0.4383,Гипотеза terminal: наблюдаемый выход/вход 0.016 ≤ 0.2; вход 456100.00 KZT; вне границы обхода.
100000004691350100,peripheral,0.2,6,0.353898,"Гипотеза peripheral: входов 1, выходов 0; вход 13300.00, выход 0.00 KZT; сильные правила не выполнены."
100000004692798100,terminal,0.843948,7,0.342319,Гипотеза terminal: наблюдаемый выход/вход 0.062 ≤ 0.2; вход 240305.00 KZT; вне границы обхода.
100000004697956100,transit,1.0,41,0.28231,"Гипотеза transit: входов 1, выходов 1; наблюдаемый выход/вход 1.000; вход 10000.00 KZT."
100000004698193100,terminal,0.573417,41,0.364206,Гипотеза terminal: наблюдаемый выход/вход 0.171 ≤ 0.2; вход 222700.00 KZT; вне границы обхода.
100000004707703100,distributor,0.625,16,0.491986,Гипотеза distributor: выход к 5 получателям при 2 плательщиках; выход 231650.00 KZT.
100000004713684100,terminal,1.0,0,0.372197,Гипотеза terminal: наблюдаемый выход/вход 0.000 ≤ 0.2; вход 37500.00 KZT; вне границы обхода.
100000004714705100,peripheral,0.2,49,0.221744,"Гипотеза peripheral: входов 0, выходов 1; вход 0.00, выход 36550.00 KZT; сильные правила не выполнены."
100000004715209100,distributor,0.625,4,0.479489,Гипотеза distributor: выход к 5 получателям при 1 плательщиках; выход 350450.00 KZT.
100000004717647100,distributor,0.625,50,0.514207,Гипотеза distributor: выход к 5 получателям при 1 плательщиках; выход 2240000.00 KZT.
100000004722630100,peripheral,0.2,6,0.411117,"Гипотеза peripheral: входов 1, выходов 0; вход 340000.00, выход 0.00 KZT; сильные правила не выполнены."
100000004722765100,peripheral,0.2,57,0.495914,"Гипотеза peripheral: входов 1, выходов 3; вход 230000.00, выход 2284500.00 KZT; сильные правила не выполнены."
100000004723755100,peripheral,0.2,2,0.238607,"Гипотеза peripheral: входов 0, выходов 1; вход 0.00, выход 95000.00 KZT; сильные правила не выполнены."
100000004726132100,terminal,0.82808,0,0.434476,Гипотеза terminal: наблюдаемый выход/вход 0.069 ≤ 0.2; вход 349000.00 KZT; вне границы обхода.
100000004732589100,terminal,1.0,11,0.304025,Гипотеза terminal: наблюдаемый выход/вход 0.000 ≤ 0.2; вход 227520.00 KZT; вне границы обхода.
100000004737477100,transit,0.816565,0,0.424444,"Гипотеза transit: входов 2, выходов 1; наблюдаемый выход/вход 0.817; вход 49598.00 KZT."
100000004737764100,terminal,1.0,2,0.421145,Гипотеза terminal: наблюдаемый выход/вход 0.000 ≤ 0.2; вход 600000.00 KZT; вне границы обхода.
100000004739664100,transit,0.833333,22,0.283992,"Гипотеза transit: входов 1, выходов 1; наблюдаемый выход/вход 0.833; вход 12000.00 KZT."
100000004741837100,terminal,1.0,16,0.365455,Гипотеза terminal: наблюдаемый выход/вход 0.000 ≤ 0.2; вход 25596.00 KZT; вне границы обхода.
100000004744306100,peripheral,0.2,49,0.443908,"Гипотеза peripheral: входов 1, выходов 2; вход 69000.00, выход 92000.00 KZT; сильные правила не выполнены."
100000004746397100,terminal,0.914586,10,0.431216,Гипотеза terminal: наблюдаемый выход/вход 0.034 ≤ 0.2; вход 219520.00 KZT; вне границы обхода.
100000004747154100,peripheral,0.2,4,0.382442,"Гипотеза peripheral: входов 1, выходов 0; вход 67000.00, выход 0.00 KZT; сильные правила не выполнены."
100000004750321100,terminal,1.0,18,0.398551,Гипотеза terminal: наблюдаемый выход/вход 0.000 ≤ 0.2; вход 50185.00 KZT; вне границы обхода.
100000004750897100,terminal,1.0,3,0.348863,Гипотеза terminal: наблюдаемый выход/вход 0.000 ≤ 0.2; вход 10000.00 KZT; вне границы обхода.
100000004756901100,terminal,1.0,16,0.397049,Гипотеза terminal: наблюдаемый выход/вход 0.000 ≤ 0.2; вход 153248.00 KZT; вне границы обхода.
100000004759121100,coordinator,0.88,0,0.511281,"Гипотеза coordinator: связь с 7 seed по путям; входов 6, выходов 2; посредничество 0.00007."
100000004765639100,peripheral,0.2,0,0.393419,"Гипотеза peripheral: входов 1, выходов 2; вход 5000.00, выход 11000.00 KZT; сильные правила не выполнены."
100000004770073100,transit,0.999163,0,0.372156,"Гипотеза transit: входов 1, выходов 1; наблюдаемый выход/вход 1.001; вход 5462.40 KZT."
100000004777215100,peripheral,0.2,32,0.380494,"Гипотеза peripheral: входов 1, выходов 0; вход 60000.00, выход 0.00 KZT; сильные правила не выполнены."
100000004779204100,peripheral,0.2,0,0.399158,"Гипотеза peripheral: входов 1, выходов 1; вход 30450.00, выход 20000.00 KZT; сильные правила не выполнены."
100000004780083100,peripheral,0.2,56,0.348862,"Гипотеза peripheral: входов 1, выходов 0; вход 9999.00, выход 0.00 KZT; сильные правила не выполнены."
100000004780327100,peripheral,0.2,47,0.252082,"Гипотеза peripheral: входов 1, выходов 0; вход 12000.00, выход 0.00 KZT; сильные правила не выполнены."
100000004783447100,terminal,1.0,22,0.265867,Гипотеза terminal: наблюдаемый выход/вход 0.000 ≤ 0.2; вход 26200.00 KZT; вне границы обхода.
100000004784224100,peripheral,0.2,21,0.314449,"Гипотеза peripheral: входов 1, выходов 1; вход 23500.00, выход 100000.00 KZT; сильные правила не выполнены."
100000004788983100,peripheral,0.2,0,0.366398,"Гипотеза peripheral: входов 1, выходов 0; вход 27000.00, выход 0.00 KZT; сильные правила не выполнены."
100000004790991100,terminal,1.0,16,0.404925,Гипотеза terminal: наблюдаемый выход/вход 0.000 ≤ 0.2; вход 239413.00 KZT; вне границы обхода.
100000004791226100,peripheral,0.2,0,0.3611,"Гипотеза peripheral: входов 1, выходов 0; вход 20000.00, выход 0.00 KZT; сильные правила не выполнены."
100000004792397100,terminal,1.0,22,0.284082,Гипотеза terminal: наблюдаемый выход/вход 0.000 ≤ 0.2; вход 73520.00 KZT; вне границы обхода.
100000004797167100,peripheral,0.2,35,0.268836,"Гипотеза peripheral: входов 1, выходов 0; вход 31000.00, выход 0.00 KZT; сильные правила не выполнены."
100000004798515100,peripheral,0.2,7,0.401749,"Гипотеза peripheral: входов 1, выходов 0; вход 200000.00, выход 0.00 KZT; сильные правила не выполнены."
100000004800452100,peripheral,0.2,10,0.34138,"Гипотеза peripheral: входов 1, выходов 0; вход 6544.53, выход 0.00 KZT; сильные правила не выполнены."
100000004800648100,peripheral,0.2,7,0.39428,"Гипотеза peripheral: входов 1, выходов 0; вход 131000.00, выход 0.00 KZT; сильные правила не выполнены."
100000004806903100,terminal,1.0,2,0.382211,Гипотеза terminal: наблюдаемый выход/вход 0.000 ≤ 0.2; вход 18000.00 KZT; вне границы обхода.
100000004813068100,peripheral,0.2,21,0.294989,"Гипотеза peripheral: входов 0, выходов 3; вход 0.00, выход 297000.00 KZT; сильные правила не выполнены."
100000004816564100,terminal,0.956214,3,0.430062,Гипотеза terminal: наблюдаемый выход/вход 0.018 ≤ 0.2; вход 285480.00 KZT; вне границы обхода.
100000004820260100,transit,0.919513,3,0.464494,"Гипотеза transit: входов 1, выходов 3; наблюдаемый выход/вход 0.920; вход 234200.00 KZT."
100000004825069100,terminal,1.0,22,0.268258,Гипотеза terminal: наблюдаемый выход/вход 0.000 ≤ 0.2; вход 30000.00 KZT; вне границы обхода.
100000004840086100,peripheral,0.2,0,0.389512,"Гипотеза peripheral: входов 1, выходов 0; вход 100000.00, выход 0.00 KZT; сильные правила не выполнены."
100000004841728100,terminal,1.0,22,0.278038,Гипотеза terminal: наблюдаемый выход/вход 0.000 ≤ 0.2; вход 52208.00 KZT; вне границы обхода.
100000004847758100,coordinator,0.88,2,0.562759,"Гипотеза coordinator: связь с 7 seed по путям; входов 4, выходов 15; посредничество 0.00071."
100000004848236100,peripheral,0.2,0,0.343785,"Гипотеза peripheral: входов 1, выходов 0; вход 7500.00, выход 0.00 KZT; сильные правила не выполнены."
100000004850609100,peripheral,0.2,0,0.348863,"Гипотеза peripheral: входов 1, выходов 0; вход 10000.00, выход 0.00 KZT; сильные правила не выполнены."
100000004856746100,peripheral,0.2,62,0.3611,"Гипотеза peripheral: входов 1, выходов 0; вход 20000.00, выход 0.00 KZT; сильные правила не выполнены."
100000004877085100,peripheral,0.2,12,0.442292,"Гипотеза peripheral: входов 1, выходов 3; вход 25000.00, выход 95600.00 KZT; сильные правила не выполнены."
100000004889043100,terminal,1.0,0,0.428388,Гипотеза terminal: наблюдаемый выход/вход 0.000 ≤ 0.2; вход 272000.00 KZT; вне границы обхода.
100000004890713100,peripheral,0.2,18,0.373549,"Гипотеза peripheral: входов 1, выходов 0; вход 40485.00, выход 0.00 KZT; сильные правила не выполнены."
100000004891562100,peripheral,0.2,47,0.290103,"Гипотеза peripheral: входов 1, выходов 0; вход 103400.00, выход 0.00 KZT; сильные правила не выполнены."
100000004892144100,terminal,0.899833,21,0.422917,Гипотеза terminal: наблюдаемый выход/вход 0.040 ≤ 0.2; вход 4500000.00 KZT; вне границы обхода.
100000004904960100,terminal,1.0,0,0.413579,Гипотеза terminal: наблюдаемый выход/вход 0.000 ≤ 0.2; вход 32000.00 KZT; вне границы обхода.
100000004905207100,terminal,1.0,40,0.442329,Гипотеза terminal: наблюдаемый выход/вход 0.000 ≤ 0.2; вход 380000.00 KZT; вне границы обхода.
100000004906181100,distributor,0.675,20,0.529125,Гипотеза distributor: выход к 7 получателям при 1 плательщиках; выход 2473417.91 KZT.
100000004908173100,peripheral,0.2,4,0.370457,"Гипотеза peripheral: входов 1, выходов 0; вход 21000.00, выход 0.00 KZT; сильные правила не выполнены."
100000004911971100,peripheral,0.2,20,0.370979,"Гипотеза peripheral: входов 1, выходов 0; вход 35000.00, выход 0.00 KZT; сильные правила не выполнены."
100000004917367100,terminal,1.0,10,0.413941,Гипотеза terminal: наблюдаемый выход/вход 0.000 ≤ 0.2; вход 120000.00 KZT; вне границы обхода.
100000004921657100,peripheral,0.2,2,0.412725,"Гипотеза peripheral: входов 1, выходов 1; вход 8300.00, выход 22190.00 KZT; сильные правила не выполнены."
100000004931931100,peripheral,0.2,0,0.40467,"Гипотеза peripheral: входов 1, выходов 1; вход 23938.00, выход 45000.00 KZT; сильные правила не выполнены."
100000004948177100,consolidator,0.65,16,0.451814,Гипотеза consolidator: вход от 3 плательщиков; 0 получателей; вход 437163.00 KZT.
100000004950490100,terminal,1.0,1,0.248863,Гипотеза terminal: наблюдаемый выход/вход 0.000 ≤ 0.2; вход 10000.00 KZT; вне границы обхода.
100000004959752100,terminal,1.0,2,0.39219,Гипотеза terminal: наблюдаемый выход/вход 0.000 ≤ 0.2; вход 22200.00 KZT; вне границы обхода.
100000004962193100,consolidator,0.9,0,0.506992,Гипотеза consolidator: вход от 8 плательщиков; 0 получателей; вход 900468.00 KZT.
100000004970752100,terminal,1.0,0,0.348863,Гипотеза terminal: наблюдаемый выход/вход 0.000 ≤ 0.2; вход 10000.00 KZT; вне границы обхода.
100000004971871100,peripheral,0.2,52,0.240075,"Гипотеза peripheral: входов 1, выходов 1; вход 25400.00, выход 5650.00 KZT; сильные правила не выполнены."
100000004975919100,peripheral,0.2,8,0.409413,"Гипотеза peripheral: входов 1, выходов 2; вход 22351.00, выход 15000.00 KZT; сильные правила не выполнены."
100000004976946100,peripheral,0.2,65,0.405404,"Гипотеза peripheral: входов 1, выходов 0; вход 246000.00, выход 0.00 KZT; сильные правила не выполнены."
100000004979264100,peripheral,0.2,4,0.381744,"Гипотеза peripheral: входов 1, выходов 0; вход 39800.00, выход 0.00 KZT; сильные правила не выполнены."
100000004979283100,terminal,1.0,18,0.373394,Гипотеза terminal: наблюдаемый выход/вход 0.000 ≤ 0.2; вход 40132.00 KZT; вне границы обхода.
100000004979498100,peripheral,0.2,58,0.349513,"Гипотеза peripheral: входов 1, выходов 1; вход 700000.00, выход 200000.00 KZT; сильные правила не выполнены."
100000004981068100,peripheral,0.2,8,0.348863,"Гипотеза peripheral: входов 1, выходов 0; вход 10000.00, выход 0.00 KZT; сильные правила не выполнены."
100000004984689100,terminal,1.0,8,0.378314,Гипотеза terminal: наблюдаемый выход/вход 0.000 ≤ 0.2; вход 53030.00 KZT; вне границы обхода.
100000004988240100,peripheral,0.2,0,0.3611,"Гипотеза peripheral: входов 1, выходов 0; вход 20000.00, выход 0.00 KZT; сильные правила не выполнены."
100000004991593100,peripheral,0.2,8,0.375416,"Гипотеза peripheral: входов 1, выходов 0; вход 45000.00, выход 0.00 KZT; сильные правила не выполнены."
100000004991812100,terminal,1.0,29,0.348863,Гипотеза terminal: наблюдаемый выход/вход 0.000 ≤ 0.2; вход 10000.00 KZT; вне границы обхода.
100000004993576100,terminal,1.0,3,0.398566,Гипотеза terminal: наблюдаемый выход/вход 0.000 ≤ 0.2; вход 167000.00 KZT; вне границы обхода.
100000004997515100,coordinator,0.96,4,0.512876,"Гипотеза coordinator: связь с 9 seed по путям; входов 4, выходов 4; посредничество 0.00007."
100000005008589100,terminal,1.0,0,0.374533,Гипотеза terminal: наблюдаемый выход/вход 0.000 ≤ 0.2; вход 42806.68 KZT; вне границы обхода.
100000005010159100,peripheral,0.2,8,0.342798,"Гипотеза peripheral: входов 1, выходов 0; вход 7092.00, выход 0.00 KZT; сильные правила не выполнены."
100000005017150100,peripheral,0.2,75,0.0,"Гипотеза peripheral: входов 0, выходов 0; вход 0.00, выход 0.00 KZT; сильные правила не выполнены."
100000005022552100,terminal,0.948133,16,0.426614,Гипотеза terminal: наблюдаемый выход/вход 0.021 ≤ 0.2; вход 241000.00 KZT; вне границы обхода.
100000005022964100,terminal,1.0,2,0.384071,Гипотеза terminal: наблюдаемый выход/вход 0.000 ≤ 0.2; вход 20000.00 KZT; вне границы обхода.
100000005025629100,peripheral,0.2,10,0.337412,"Гипотеза peripheral: входов 1, выходов 0; вход 5227.00, выход 0.00 KZT; сильные правила не выполнены."
100000005030592100,terminal,1.0,3,0.348863,Гипотеза terminal: наблюдаемый выход/вход 0.000 ≤ 0.2; вход 10000.00 KZT; вне границы обхода.
100000005031696100,peripheral,0.2,48,0.454016,"Гипотеза peripheral: входов 1, выходов 2; вход 5000.00, выход 115000.00 KZT; сильные правила не выполнены."
100000005032294100,terminal,1.0,40,0.35736,Гипотеза terminal: наблюдаемый выход/вход 0.000 ≤ 0.2; вход 10000.00 KZT; вне границы обхода.
100000005034574100,terminal,1.0,73,0.306301,Гипотеза terminal: наблюдаемый выход/вход 0.000 ≤ 0.2; вход 258816.00 KZT; вне границы обхода.
100000005037490100,peripheral,0.2,12,0.412188,"Гипотеза peripheral: входов 1, выходов 2; вход 15000.00, выход 30000.00 KZT; сильные правила не выполнены."
100000005041147100,peripheral,0.2,0,0.348863,"Гипотеза peripheral: входов 1, выходов 0; вход 10000.00, выход 0.00 KZT; сильные правила не выполнены."
100000005041905100,peripheral,0.2,22,0.352819,"Гипотеза peripheral: входов 1, выходов 1; вход 5000.00, выход 1080351.00 KZT; сильные правила не выполнены."
100000005042822100,peripheral,0.2,36,0.430163,"Гипотеза peripheral: входов 1, выходов 0; вход 1000000.00, выход 0.00 KZT; сильные правила не выполнены."
100000005048668100,distributor,0.7,8,0.507541,Гипотеза distributor: выход к 8 получателям при 2 плательщиках; выход 159400.00 KZT.
100000005049404100,peripheral,0.2,10,0.389156,"Гипотеза peripheral: входов 1, выходов 0; вход 98000.00, выход 0.00 KZT; сильные правила не выполнены."
100000005052998100,peripheral,0.2,0,0.393594,"Гипотеза peripheral: входов 1, выходов 1; вход 9500.00, выход 28400.00 KZT; сильные правила не выполнены."
100000005053653100,peripheral,0.2,12,0.424043,"Гипотеза peripheral: входов 2, выходов 1; вход 63073.00, выход 25000.00 KZT; сильные правила не выполнены."
100000005055454100,terminal,1.0,27,0.241259,Гипотеза terminal: наблюдаемый выход/вход 0.000 ≤ 0.2; вход 6500.00 KZT; вне границы обхода.
100000005056870100,terminal,1.0,55,0.2611,Гипотеза terminal: наблюдаемый выход/вход 0.000 ≤ 0.2; вход 20000.00 KZT; вне границы обхода.
100000005059998100,terminal,1.0,0,0.35924,Гипотеза terminal: наблюдаемый выход/вход 0.000 ≤ 0.2; вход 18000.00 KZT; вне границы обхода.
100000005061890100,terminal,1.0,2,0.387652,Гипотеза terminal: наблюдаемый выход/вход 0.000 ≤ 0.2; вход 90000.00 KZT; вне границы обхода.
100000005074393100,coordinator,1.0,12,0.550852,"Гипотеза coordinator: связь с 10 seed по путям; входов 4, выходов 6; посредничество 0.00016."
100000005075949100,peripheral,0.2,57,0.44429,"Гипотеза peripheral: входов 1, выходов 0; вход 2226000.00, выход 0.00 KZT; сильные правила не выполнены."
100000005077484100,terminal,0.774167,27,0.334457,Гипотеза terminal: наблюдаемый выход/вход 0.090 ≤ 0.2; вход 150000.00 KZT; вне границы обхода.
100000005079473100,peripheral,0.2,8,0.37303,"Гипотеза peripheral: входов 1, выходов 0; вход 39312.00, выход 0.00 KZT; сильные правила не выполнены."
100000005079754100,peripheral,0.2,2,0.462314,"Гипотеза peripheral: входов 1, выходов 2; вход 70000.00, выход 122000.00 KZT; сильные правила не выполнены."
100000005082652100,terminal,1.0,1,0.268258,Гипотеза terminal: наблюдаемый выход/вход 0.000 ≤ 0.2; вход 30000.00 KZT; вне границы обхода.
100000005087431100,peripheral,0.2,76,0.0,"Гипотеза peripheral: входов 0, выходов 0; вход 0.00, выход 0.00 KZT; сильные правила не выполнены."
100000005087923100,peripheral,0.2,41,0.2611,"Гипотеза peripheral: входов 1, выходов 0; вход 20000.00, выход 0.00 KZT; сильные правила не выполнены."
100000005089460100,terminal,1.0,22,0.252518,Гипотеза terminal: наблюдаемый выход/вход 0.000 ≤ 0.2; вход 12300.00 KZT; вне границы обхода.
100000005092518100,terminal,1.0,22,0.265829,Гипотеза terminal: наблюдаемый выход/вход 0.000 ≤ 0.2; вход 26144.00 KZT; вне границы обхода.
100000005093521100,terminal,1.0,2,0.379226,Гипотеза terminal: наблюдаемый выход/вход 0.000 ≤ 0.2; вход 15200.00 KZT; вне границы обхода.
100000005100475100,terminal,1.0,41,0.273336,Гипотеза terminal: наблюдаемый выход/вход 0.000 ≤ 0.2; вход 40000.00 KZT; вне границы обхода.
100000005105153100,terminal,1.0,0,0.368258,Гипотеза terminal: наблюдаемый выход/вход 0.000 ≤ 0.2; вход 30000.00 KZT; вне границы обхода.
100000005124479100,terminal,0.600735,0,0.469713,Гипотеза terminal: наблюдаемый выход/вход 0.160 ≤ 0.2; вход 137753.00 KZT; вне границы обхода.
100000005127767100,terminal,1.0,19,0.342567,Гипотеза terminal: наблюдаемый выход/вход 0.000 ≤ 0.2; вход 7000.00 KZT; вне границы обхода.
100000005133757100,terminal,1.0,8,0.426089,Гипотеза terminal: наблюдаемый выход/вход 0.000 ≤ 0.2; вход 65000.00 KZT; вне границы обхода.
100000005140601100,coordinator,0.88,8,0.463529,"Гипотеза coordinator: связь с 7 seed по путям; входов 3, выходов 2; посредничество 0.00002."
100000005142492100,peripheral,0.2,41,0.403653,"Гипотеза peripheral: входов 1, выходов 1; вход 10000.00, выход 57000.00 KZT; сильные правила не выполнены."
100000005142589100,terminal,1.0,0,0.377276,Гипотеза terminal: наблюдаемый выход/вход 0.000 ≤ 0.2; вход 50000.00 KZT; вне границы обхода.
100000005146665100,peripheral,0.2,44,0.33831,"Гипотеза peripheral: входов 1, выходов 0; вход 5500.00, выход 0.00 KZT; сильные правила не выполнены."
100000005168487100,peripheral,0.2,11,0.422217,"Гипотеза peripheral: входов 1, выходов 1; вход 15000.00, выход 103510.00 KZT; сильные правила не выполнены."
100000005171642100,transit,0.981056,41,0.372319,"Гипотеза transit: входов 2, выходов 1; наблюдаемый выход/вход 0.981; вход 696800.00 KZT."
100000005172860100,terminal,1.0,0,0.356266,Гипотеза terminal: наблюдаемый выход/вход 0.000 ≤ 0.2; вход 15209.20 KZT; вне границы обхода.
100000005175148100,terminal,0.525316,3,0.424679,Гипотеза terminal: наблюдаемый выход/вход 0.190 ≤ 0.2; вход 79000.00 KZT; вне границы обхода.
100000005182219100,terminal,1.0,10,0.400168,Гипотеза terminal: наблюдаемый выход/вход 0.000 ≤ 0.2; вход 55000.00 KZT; вне границы обхода.
100000005183943100,terminal,1.0,23,0.323378,Гипотеза terminal: наблюдаемый выход/вход 0.000 ≤ 0.2; вход 680900.00 KZT; вне границы обхода.
100000005186109100,terminal,1.0,3,0.336628,Гипотеза terminal: наблюдаемый выход/вход 0.000 ≤ 0.2; вход 5000.00 KZT; вне границы обхода.
100000005186131100,transit,1.0,0,0.382823,"Гипотеза transit: входов 1, выходов 1; наблюдаемый выход/вход 1.000; вход 10000.00 KZT."
100000005187208100,terminal,1.0,10,0.355004,Гипотеза terminal: наблюдаемый выход/вход 0.000 ≤ 0.2; вход 14160.00 KZT; вне границы обхода.
100000005189258100,peripheral,0.2,10,0.377276,"Гипотеза peripheral: входов 1, выходов 0; вход 50000.00, выход 0.00 KZT; сильные правила не выполнены."
100000005198498100,terminal,1.0,22,0.267537,Гипотеза terminal: наблюдаемый выход/вход 0.000 ≤ 0.2; вход 28800.00 KZT; вне границы обхода.
100000005198906100,peripheral,0.2,10,0.429909,"Гипотеза peripheral: входов 1, выходов 1; вход 227970.00, выход 60000.00 KZT; сильные правила не выполнены."
100000005203590100,terminal,1.0,41,0.287652,Гипотеза terminal: наблюдаемый выход/вход 0.000 ≤ 0.2; вход 90000.00 KZT; вне границы обхода.
100000005205745100,terminal,1.0,41,0.339846,Гипотеза terminal: наблюдаемый выход/вход 0.000 ≤ 0.2; вход 6000.00 KZT; вне границы обхода.
100000005209352100,peripheral,0.2,0,0.336628,"Гипотеза peripheral: входов 1, выходов 0; вход 5000.00, выход 0.00 KZT; сильные правила не выполнены."
100000005222360100,peripheral,0.2,40,0.416769,"Гипотеза peripheral: входов 1, выходов 1; вход 5000.00, выход 27000.00 KZT; сильные правила не выполнены."
100000005226217100,peripheral,0.2,4,0.374839,"Гипотеза peripheral: входов 1, выходов 0; вход 17500.00, выход 0.00 KZT; сильные правила не выполнены."
100000005228059100,terminal,1.0,22,0.265731,Гипотеза terminal: наблюдаемый выход/вход 0.000 ≤ 0.2; вход 26000.00 KZT; вне границы обхода.
100000005233755100,terminal,0.5,28,0.389981,Гипотеза terminal: наблюдаемый выход/вход 0.200 ≤ 0.2; вход 25000.00 KZT; вне границы обхода.
100000005235389100,peripheral,0.2,77,0.0,"Гипотеза peripheral: входов 0, выходов 0; вход 0.00, выход 0.00 KZT; сильные правила не выполнены."
100000005237935150,terminal,1.0,24,0.270729,Гипотеза terminal: наблюдаемый выход/вход 0.000 ≤ 0.2; вход 34508.00 KZT; вне границы обхода.
100000005241556100,terminal,1.0,35,0.398009,Гипотеза terminal: наблюдаемый выход/вход 0.000 ≤ 0.2; вход 100000.00 KZT; вне границы обхода.
100000005242320100,distributor,1.0,24,0.53134,Гипотеза distributor: выход к 21 получателям при 2 плательщиках; выход 8936295.00 KZT.
100000005264874100,peripheral,0.2,26,0.327233,"Гипотеза peripheral: входов 1, выходов 2; вход 30000.00, выход 78000.00 KZT; сильные правила не выполнены."
100000005264990100,peripheral,0.2,49,0.434059,"Гипотеза peripheral: входов 1, выходов 2; вход 17070.00, выход 122000.00 KZT; сильные правила не выполнены."
100000005265073100,peripheral,0.2,49,0.385027,"Гипотеза peripheral: входов 1, выходов 1; вход 5000.00, выход 9000.00 KZT; сильные правила не выполнены."
100000005268319100,distributor,0.625,0,0.457907,Гипотеза distributor: выход к 5 получателям при 1 плательщиках; выход 91000.00 KZT.
100000005272139100,peripheral,0.2,16,0.398353,"Гипотеза peripheral: входов 1, выходов 0; вход 165000.00, выход 0.00 KZT; сильные правила не выполнены."
100000005287097100,distributor,0.725,16,0.563281,Гипотеза distributor: выход к 9 получателям при 2 плательщиках; выход 697300.00 KZT.
100000005293969100,peripheral,0.2,0,0.338204,"Гипотеза peripheral: входов 1, выходов 0; вход 5466.97, выход 0.00 KZT; сильные правила не выполнены."
100000005308954100,peripheral,0.2,16,0.411062,"Гипотеза peripheral: входов 1, выходов 1; вход 69020.00, выход 30000.00 KZT; сильные правила не выполнены."
100000005314565100,terminal,1.0,0,0.403311,Гипотеза terminal: наблюдаемый выход/вход 0.000 ≤ 0.2; вход 218500.00 KZT; вне границы обхода.
100000005316708100,peripheral,0.2,24,0.347762,"Гипотеза peripheral: входов 1, выходов 2; вход 90000.00, выход 257500.00 KZT; сильные правила не выполнены."
100000005317181100,terminal,0.743363,0,0.419059,Гипотеза terminal: наблюдаемый выход/вход 0.103 ≤ 0.2; вход 141250.00 KZT; вне границы обхода.
100000005326681100,terminal,1.0,3,0.368966,Гипотеза terminal: наблюдаемый выход/вход 0.000 ≤ 0.2; вход 31228.00 KZT; вне границы обхода.
100000005328215100,terminal,1.0,11,0.266398,Гипотеза terminal: наблюдаемый выход/вход 0.000 ≤ 0.2; вход 27000.00 KZT; вне границы обхода.
100000005339662100,coordinator,0.88,3,0.50183,"Гипотеза coordinator: связь с 7 seed по путям; входов 4, выходов 4; посредничество 0.00018."
100000005342513100,terminal,0.680851,22,0.327928,Гипотеза terminal: наблюдаемый выход/вход 0.128 ≤ 0.2; вход 235000.00 KZT; вне границы обхода.
100000005357034100,terminal,1.0,0,0.348424,Гипотеза terminal: наблюдаемый выход/вход 0.000 ≤ 0.2; вход 9754.00 KZT; вне границы обхода.
100000005357705100,peripheral,0.2,8,0.47518,"Гипотеза peripheral: входов 1, выходов 4; вход 52595.00, выход 387080.00 KZT; сильные правила не выполнены."
100000005360814100,peripheral,0.2,8,0.39595,"Гипотеза peripheral: входов 1, выходов 0; вход 144000.00, выход 0.00 KZT; сильные правила не выполнены."
100000005362848100,terminal,1.0,18,0.367659,Гипотеза terminal: наблюдаемый выход/вход 0.000 ≤ 0.2; вход 29000.00 KZT; вне границы обхода.
100000005363908100,transit,1.0,71,0.294099,"Гипотеза transit: входов 1, выходов 1; наблюдаемый выход/вход 1.000; вход 19500.00 KZT."
100000005367180100,peripheral,0.2,8,0.34425,"Гипотеза peripheral: входов 1, выходов 0; вход 7700.00, выход 0.00 KZT; сильные правила не выполнены."
100000005367284100,peripheral,0.2,0,0.418359,"Гипотеза peripheral: входов 1, выходов 2; вход 13700.00, выход 48300.00 KZT; сильные правила не выполнены."
100000005367445100,transit,1.0,4,0.38617,"Гипотеза transit: входов 1, выходов 1; наблюдаемый выход/вход 1.000; вход 5000.00 KZT."
100000005370558100,peripheral,0.2,0,0.336628,"Гипотеза peripheral: входов 1, выходов 0; вход 5000.00, выход 0.00 KZT; сильные правила не выполнены."
100000005370580100,peripheral,0.2,12,0.364373,"Гипотеза peripheral: входов 1, выходов 0; вход 24075.00, выход 0.00 KZT; сильные правила не выполнены."
100000005375968100,peripheral,0.2,0,0.4434,"Гипотеза peripheral: входов 1, выходов 2; вход 170082.00, выход 86000.00 KZT; сильные правила не выполнены."
100000005382566100,consolidator,0.85,49,0.541048,Гипотеза consolidator: вход от 7 плательщиков; 1 получателей; вход 393066.00 KZT.
100000005386383100,peripheral,0.2,49,0.419648,"Гипотеза peripheral: входов 2, выходов 1; вход 37500.00, выход 29000.00 KZT; сильные правила не выполнены."
100000005392290100,peripheral,0.2,68,0.235893,"Гипотеза peripheral: входов 0, выходов 1; вход 0.00, выход 81465.00 KZT; сильные правила не выполнены."
100000005394708100,peripheral,0.2,49,0.309058,"Гипотеза peripheral: входов 1, выходов 1; вход 26000.00, выход 65000.00 KZT; сильные правила не выполнены."
100000005395727100,peripheral,0.2,3,0.358231,"Гипотеза peripheral: входов 1, выходов 0; вход 17000.00, выход 0.00 KZT; сильные правила не выполнены."
100000005402643100,peripheral,0.2,4,0.324465,"Гипотеза peripheral: входов 1, выходов 1; вход 127800.00, выход 90000.00 KZT; сильные правила не выполнены."
100000005409156100,terminal,1.0,10,0.427597,Гипотеза terminal: наблюдаемый выход/вход 0.000 ≤ 0.2; вход 260080.00 KZT; вне границы обхода.
100000005409680100,peripheral,0.2,43,0.416284,"Гипотеза peripheral: входов 2, выходов 0; вход 55060.00, выход 0.00 KZT; сильные правила не выполнены."
100000005413948100,terminal,0.556973,4,0.422924,Гипотеза terminal: наблюдаемый выход/вход 0.177 ≤ 0.2; вход 28215.00 KZT; вне границы обхода.
100000005417257100,peripheral,0.2,49,0.261751,"Гипотеза peripheral: входов 0, выходов 2; вход 0.00, выход 106000.00 KZT; сильные правила не выполнены."
100000005432267100,terminal,1.0,2,0.455811,Гипотеза terminal: наблюдаемый выход/вход 0.000 ≤ 0.2; вход 350001.00 KZT; вне границы обхода.
100000005454368100,peripheral,0.2,12,0.397984,"Гипотеза peripheral: входов 2, выходов 0; вход 48600.00, выход 0.00 KZT; сильные правила не выполнены."
100000005456919100,terminal,0.973956,9,0.353645,Гипотеза terminal: наблюдаемый выход/вход 0.010 ≤ 0.2; вход 479950.00 KZT; вне границы обхода.
100000005473151100,coordinator,0.96,18,0.530926,"Гипотеза coordinator: связь с 9 seed по путям; входов 3, выходов 4; посредничество 0.00019."
100000005474472100,terminal,1.0,21,0.289512,Гипотеза terminal: наблюдаемый выход/вход 0.000 ≤ 0.2; вход 100000.00 KZT; вне границы обхода.
100000005475379100,peripheral,0.2,11,0.458754,"Гипотеза peripheral: входов 1, выходов 3; вход 108370.00, выход 81000.00 KZT; сильные правила не выполнены."
100000005480435100,peripheral,0.2,78,0.0,"Гипотеза peripheral: входов 0, выходов 0; вход 0.00, выход 0.00 KZT; сильные правила не выполнены."
100000005481280100,peripheral,0.2,3,0.435375,"Гипотеза peripheral: входов 1, выходов 3; вход 32700.00, выход 50000.00 KZT; сильные правила не выполнены."
100000005485830100,distributor,0.625,55,0.314898,Гипотеза distributor: выход к 5 получателям при 0 плательщиках; выход 275885.00 KZT.
100000005493505100,consolidator,0.65,12,0.446586,Гипотеза consolidator: вход от 3 плательщиков; 0 получателей; вход 62020.00 KZT.
100000005495211100,peripheral,0.2,0,0.355423,"Гипотеза peripheral: входов 1, выходов 0; вход 14500.00, выход 0.00 KZT; сильные правила не выполнены."
100000005495722100,peripheral,0.2,79,0.0,"Гипотеза peripheral: входов 0, выходов 0; вход 0.00, выход 0.00 KZT; сильные правила не выполнены."
100000005496254100,terminal,1.0,0,0.353083,Гипотеза terminal: наблюдаемый выход/вход 0.000 ≤ 0.2; вход 12700.00 KZT; вне границы обхода.
100000005497148100,peripheral,0.2,10,0.364318,"Гипотеза peripheral: входов 1, выходов 0; вход 24000.00, выход 0.00 KZT; сильные правила не выполнены."
100000005498992100,distributor,0.9,4,0.406529,Гипотеза distributor: выход к 16 получателям при 0 плательщиках; выход 2262868.00 KZT.
100000005505655100,peripheral,0.2,13,0.421777,"Гипотеза peripheral: входов 2, выходов 1; вход 33070.00, выход 20000.00 KZT; сильные правила не выполнены."
100000005507142100,peripheral,0.2,26,0.36304,"Гипотеза peripheral: входов 3, выходов 3; вход 51000.00, выход 100000.00 KZT; сильные правила не выполнены."
100000005514161100,consolidator,0.7,24,0.490717,Гипотеза consolidator: вход от 4 плательщиков; 1 получателей; вход 401500.00 KZT.
100000005519347100,peripheral,0.2,16,0.451487,"Гипотеза peripheral: входов 2, выходов 1; вход 73100.00, выход 99000.00 KZT; сильные правила не выполнены."
100000005519998100,coordinator,0.88,62,0.479684,"Гипотеза coordinator: связь с 7 seed по путям; входов 3, выходов 3; посредничество 0.00005."
100000005523088100,peripheral,0.2,49,0.473866,"Гипотеза peripheral: входов 1, выходов 0; вход 700000.00, выход 0.00 KZT; сильные правила не выполнены."
100000005527892100,coordinator,0.92,35,0.542525,"Гипотеза coordinator: связь с 8 seed по путям; входов 3, выходов 8; посредничество 0.00050."
100000005530114100,terminal,0.543696,28,0.434388,Гипотеза terminal: наблюдаемый выход/вход 0.183 ≤ 0.2; вход 136970.00 KZT; вне границы обхода.
100000005532138100,terminal,1.0,1,0.365071,Гипотеза terminal: наблюдаемый выход/вход 0.000 ≤ 0.2; вход 25046.00 KZT; вне границы обхода.
100000005539201100,peripheral,0.2,16,0.405648,"Гипотеза peripheral: входов 1, выходов 1; вход 45504.00, выход 25000.00 KZT; сильные правила не выполнены."
100000005539910100,peripheral,0.2,2,0.453568,"Гипотеза peripheral: входов 1, выходов 2; вход 102000.00, выход 22000.00 KZT; сильные правила не выполнены."
100000005543136100,peripheral,0.2,12,0.198863,"Гипотеза peripheral: входов 0, выходов 1; вход 0.00, выход 10000.00 KZT; сильные правила не выполнены."
100000005546031100,consolidator,0.65,71,0.332319,Гипотеза consolidator: вход от 3 плательщиков; 1 получателей; вход 66800.00 KZT.
100000005547096100,peripheral,0.2,71,0.340803,"Гипотеза peripheral: входов 1, выходов 2; вход 8000.00, выход 226300.00 KZT; сильные правила не выполнены."
100000005550592100,peripheral,0.2,80,0.0,"Гипотеза peripheral: входов 0, выходов 0; вход 0.00, выход 0.00 KZT; сильные правила не выполнены."
100000005553088100,peripheral,0.2,8,0.358742,"Гипотеза peripheral: входов 1, выходов 0; вход 17500.00, выход 0.00 KZT; сильные правила не выполнены."
100000005560900100,peripheral,0.2,81,0.0,"Гипотеза peripheral: входов 0, выходов 0; вход 0.00, выход 0.00 KZT; сильные правила не выполнены."
100000005561741100,terminal,1.0,18,0.381135,Гипотеза terminal: наблюдаемый выход/вход 0.000 ≤ 0.2; вход 25000.00 KZT; вне границы обхода.
100000005567828100,peripheral,0.2,18,0.38842,"Гипотеза peripheral: входов 1, выходов 0; вход 94000.00, выход 0.00 KZT; сильные правила не выполнены."
100000005568407100,peripheral,0.2,82,0.0,"Гипотеза peripheral: входов 0, выходов 0; вход 0.00, выход 0.00 KZT; сильные правила не выполнены."
100000005572303100,peripheral,0.2,16,0.410844,"Гипотеза peripheral: входов 1, выходов 1; вход 75000.00, выход 20000.00 KZT; сильные правила не выполнены."
100000005578559100,distributor,1.0,18,0.569885,Гипотеза distributor: выход к 21 получателям при 2 плательщиках; выход 893163.67 KZT.
100000005584222100,peripheral,0.2,0,0.457943,"Гипотеза peripheral: входов 2, выходов 2; вход 192717.00, выход 108587.00 KZT; сильные правила не выполнены."
100000005588444100,terminal,1.0,1,0.252518,Гипотеза terminal: наблюдаемый выход/вход 0.000 ≤ 0.2; вход 12300.00 KZT; вне границы обхода.
100000005589319100,peripheral,0.2,2,0.365731,"Гипотеза peripheral: входов 1, выходов 0; вход 26000.00, выход 0.00 KZT; сильные правила не выполнены."
100000005602999100,peripheral,0.2,53,0.407752,"Гипотеза peripheral: входов 1, выходов 2; вход 5000.00, выход 16000.00 KZT; сильные правила не выполнены."
100000005608515100,terminal,1.0,1,0.281634,Гипотеза terminal: наблюдаемый выход/вход 0.000 ≤ 0.2; вход 64000.00 KZT; вне границы обхода.
100000005610717100,consolidator,0.7,0,0.48306,Гипотеза consolidator: вход от 4 плательщиков; 1 получателей; вход 484500.00 KZT.
100000005612411100,coordinator,0.92,2,0.528128,"Гипотеза coordinator: связь с 8 seed по путям; входов 3, выходов 8; посредничество 0.00014."
100000005614315100,terminal,1.0,16,0.416261,Гипотеза terminal: наблюдаемый выход/вход 0.000 ≤ 0.2; вход 455000.00 KZT; вне границы обхода.
100000005616568100,peripheral,0.2,10,0.418955,"Гипотеза peripheral: входов 1, выходов 0; вход 530000.00, выход 0.00 KZT; сильные правила не выполнены."
100000005619339100,transit,0.91148,16,0.370838,"Гипотеза transit: входов 1, выходов 1; наблюдаемый выход/вход 1.089; вход 5000.00 KZT."
100000005620225100,terminal,1.0,0,0.398431,Гипотеза terminal: наблюдаемый выход/вход 0.000 ≤ 0.2; вход 49845.66 KZT; вне границы обхода.
100000005621418100,peripheral,0.2,14,0.368258,"Гипотеза peripheral: входов 1, выходов 0; вход 30000.00, выход 0.00 KZT; сильные правила не выполнены."
100000005628518100,terminal,1.0,43,0.384898,Гипотеза terminal: наблюдаемый выход/вход 0.000 ≤ 0.2; вход 77000.00 KZT; вне границы обхода.
100000005634552100,peripheral,0.2,0,0.48229,"Гипотеза peripheral: входов 1, выходов 3; вход 25850.00, выход 1196000.00 KZT; сильные правила не выполнены."
100000005636951100,peripheral,0.2,41,0.273336,"Гипотеза peripheral: входов 1, выходов 0; вход 40000.00, выход 0.00 KZT; сильные правила не выполнены."
100000005660203100,terminal,0.821085,16,0.458326,Гипотеза terminal: наблюдаемый выход/вход 0.072 ≤ 0.2; вход 572899.00 KZT; вне границы обхода.
100000005661528100,terminal,1.0,8,0.365039,Гипотеза terminal: наблюдаемый выход/вход 0.000 ≤ 0.2; вход 25000.00 KZT; вне границы обхода.
100000005661829100,transit,0.93194,43,0.421426,"Гипотеза transit: входов 1, выходов 2; наблюдаемый выход/вход 1.068; вход 37790.00 KZT."
100000005664632100,terminal,1.0,74,0.424599,Гипотеза terminal: наблюдаемый выход/вход 0.000 ≤ 0.2; вход 198620.00 KZT; вне границы обхода.
100000005664922100,peripheral,0.2,21,0.377364,"Гипотеза peripheral: входов 2, выходов 3; вход 22000.00, выход 537000.00 KZT; сильные правила не выполнены."
100000005665181100,coordinator,0.88,10,0.521048,"Гипотеза coordinator: связь с 7 seed по путям; входов 4, выходов 11; посредничество 0.00028."
100000005667841100,terminal,1.0,4,0.430175,Гипотеза terminal: наблюдаемый выход/вход 0.000 ≤ 0.2; вход 186000.00 KZT; вне границы обхода.
100000005668605100,consolidator,0.65,49,0.447744,Гипотеза consolidator: вход от 3 плательщиков; 0 получателей; вход 94500.00 KZT.
100000005669845100,terminal,1.0,27,0.2611,Гипотеза terminal: наблюдаемый выход/вход 0.000 ≤ 0.2; вход 20000.00 KZT; вне границы обхода.
100000005674387100,terminal,1.0,22,0.265867,Гипотеза terminal: наблюдаемый выход/вход 0.000 ≤ 0.2; вход 26200.00 KZT; вне границы обхода.
100000005685783100,peripheral,0.2,22,0.265833,"Гипотеза peripheral: входов 1, выходов 0; вход 26150.00, выход 0.00 KZT; сильные правила не выполнены."
100000005704413100,coordinator,0.88,18,0.761681,"Гипотеза coordinator: связь с 7 seed по путям; входов 3, выходов 32; посредничество 0.00588."
100000005709551100,terminal,1.0,12,0.364725,Гипотеза terminal: наблюдаемый выход/вход 0.000 ≤ 0.2; вход 24560.00 KZT; вне границы обхода.
100000005711521100,peripheral,0.2,12,0.40482,"Гипотеза peripheral: входов 1, выходов 0; вход 238000.00, выход 0.00 KZT; сильные правила не выполнены."
100000005723580100,peripheral,0.2,4,0.379475,"Гипотеза peripheral: входов 1, выходов 0; вход 35000.00, выход 0.00 KZT; сильные правила не выполнены."
100000005730108100,terminal,1.0,0,0.344924,Гипотеза terminal: наблюдаемый выход/вход 0.000 ≤ 0.2; вход 8000.00 KZT; вне границы обхода.
100000005744674100,peripheral,0.2,49,0.227299,"Гипотеза peripheral: входов 0, выходов 1; вход 0.00, выход 50066.00 KZT; сильные правила не выполнены."
100000005745873100,peripheral,0.2,65,0.403671,"Гипотеза peripheral: входов 1, выходов 0; вход 223000.00, выход 0.00 KZT; сильные правила не выполнены."
100000005754335100,terminal,1.0,66,0.375034,Гипотеза terminal: наблюдаемый выход/вход 0.000 ≤ 0.2; вход 44037.00 KZT; вне границы обхода.
100000005756189100,peripheral,0.2,10,0.413557,"Гипотеза peripheral: входов 1, выходов 1; вход 65000.00, выход 49050.00 KZT; сильные правила не выполнены."
100000005756535100,terminal,1.0,22,0.2611,Гипотеза terminal: наблюдаемый выход/вход 0.000 ≤ 0.2; вход 20000.00 KZT; вне границы обхода.
100000005767403100,peripheral,0.2,62,0.431846,"Гипотеза peripheral: входов 1, выходов 0; вход 1100000.00, выход 0.00 KZT; сильные правила не выполнены."
100000005778283100,consolidator,0.65,1,0.473958,Гипотеза consolidator: вход от 3 плательщиков; 0 получателей; вход 615760.00 KZT.
100000005782781100,coordinator,0.88,1,0.55527,"Гипотеза coordinator: связь с 7 seed по путям; входов 6, выходов 10; посредничество 0.00023."
100000005782886100,peripheral,0.2,4,0.3709,"Гипотеза peripheral: входов 1, выходов 0; вход 14000.00, выход 0.00 KZT; сильные правила не выполнены."
100000005783452100,peripheral,0.2,24,0.437801,"Гипотеза peripheral: входов 2, выходов 0; вход 286500.00, выход 0.00 KZT; сильные правила не выполнены."
100000005799271100,terminal,1.0,11,0.383912,Гипотеза terminal: наблюдаемый выход/вход 0.000 ≤ 0.2; вход 45000.00 KZT; вне границы обхода.
100000005807278100,terminal,1.0,55,0.245754,Гипотеза terminal: наблюдаемый выход/вход 0.000 ≤ 0.2; вход 8385.00 KZT; вне границы обхода.
100000005809252100,terminal,1.0,10,0.365039,Гипотеза terminal: наблюдаемый выход/вход 0.000 ≤ 0.2; вход 25000.00 KZT; вне границы обхода.
100000005815602100,peripheral,0.2,16,0.422097,"Гипотеза peripheral: входов 1, выходов 1; вход 20000.00, выход 165000.00 KZT; сильные правила не выполнены."
100000005820746100,terminal,0.924585,21,0.364038,Гипотеза terminal: наблюдаемый выход/вход 0.030 ≤ 0.2; вход 1989000.00 KZT; вне границы обхода.
100000005830339100,consolidator,0.75,2,0.492303,Гипотеза consolidator: вход от 5 плательщиков; 1 получателей; вход 476341.00 KZT.
100000005834479100,peripheral,0.2,8,0.39915,"Гипотеза peripheral: входов 1, выходов 2; вход 7500.00, выход 14470.00 KZT; сильные правила не выполнены."
100000005844459100,terminal,1.0,0,0.426427,Гипотеза terminal: наблюдаемый выход/вход 0.000 ≤ 0.2; вход 243400.00 KZT; вне границы обхода.
100000005847078100,terminal,1.0,22,0.257488,Гипотеза terminal: наблюдаемый выход/вход 0.000 ≤ 0.2; вход 16300.00 KZT; вне границы обхода.
100000005849100100,terminal,1.0,2,0.393071,Гипотеза terminal: наблюдаемый выход/вход 0.000 ≤ 0.2; вход 33300.00 KZT; вне границы обхода.
100000005849862100,peripheral,0.2,1,0.353495,"Гипотеза peripheral: входов 1, выходов 0; вход 13000.00, выход 0.00 KZT; сильные правила не выполнены."
100000005852946100,terminal,1.0,2,0.387102,Гипотеза terminal: наблюдаемый выход/вход 0.000 ≤ 0.2; вход 23746.00 KZT; вне границы обхода.
100000005857058100,consolidator,0.65,0,0.421881,Гипотеза consolidator: вход от 3 плательщиков; 0 получателей; вход 80222.00 KZT.
100000005873152100,transit,1.0,11,0.411558,"Гипотеза transit: входов 1, выходов 1; наблюдаемый выход/вход 1.000; вход 10000.00 KZT."
100000005877725100,terminal,1.0,22,0.283216,Гипотеза terminal: наблюдаемый выход/вход 0.000 ≤ 0.2; вход 70000.00 KZT; вне границы обхода.
100000005878334100,peripheral,0.2,35,0.38476,"Гипотеза peripheral: входов 1, выходов 0; вход 76400.00, выход 0.00 KZT; сильные правила не выполнены."
100000005882013100,terminal,0.814815,12,0.455303,Гипотеза terminal: наблюдаемый выход/вход 0.074 ≤ 0.2; вход 135000.00 KZT; вне границы обхода.
100000005888829100,peripheral,0.2,4,0.409979,"Гипотеза peripheral: входов 1, выходов 0; вход 197000.00, выход 0.00 KZT; сильные правила не выполнены."
100000005893892100,terminal,1.0,10,0.389997,Гипотеза terminal: наблюдаемый выход/вход 0.000 ≤ 0.2; вход 102780.00 KZT; вне границы обхода.
100000005895525100,terminal,1.0,55,0.292731,Гипотеза terminal: наблюдаемый выход/вход 0.000 ≤ 0.2; вход 120000.00 KZT; вне границы обхода.
100000005897462100,terminal,1.0,11,0.397724,Гипотеза terminal: наблюдаемый выход/вход 0.000 ≤ 0.2; вход 98400.00 KZT; вне границы обхода.
100000005901606100,terminal,1.0,22,0.271309,Гипотеза terminal: наблюдаемый выход/вход 0.000 ≤ 0.2; вход 35660.00 KZT; вне границы обхода.
100000005904580100,terminal,1.0,7,0.404923,Гипотеза terminal: наблюдаемый выход/вход 0.000 ≤ 0.2; вход 72000.00 KZT; вне границы обхода.
100000005910114100,coordinator,0.88,0,0.724317,"Гипотеза coordinator: связь с 7 seed по путям; входов 3, выходов 19; посредничество 0.00528."
100000005910895100,peripheral,0.2,53,0.345474,"Гипотеза peripheral: входов 1, выходов 0; вход 5100.00, выход 0.00 KZT; сильные правила не выполнены."
100000005911352100,peripheral,0.2,19,0.433132,"Гипотеза peripheral: входов 2, выходов 3; вход 15000.00, выход 24000.00 KZT; сильные правила не выполнены."
100000005931985100,terminal,1.0,24,0.284668,Гипотеза terminal: наблюдаемый выход/вход 0.000 ≤ 0.2; вход 76000.00 KZT; вне границы обхода.
100000005932987100,terminal,1.0,62,0.365039,Гипотеза terminal: наблюдаемый выход/вход 0.000 ≤ 0.2; вход 25000.00 KZT; вне границы обхода.
100000005933757100,coordinator,0.88,40,0.673036,"Гипотеза coordinator: связь с 7 seed по путям; входов 4, выходов 34; посредничество 0.00210."
100000005939154100,terminal,1.0,16,0.362782,Гипотеза terminal: наблюдаемый выход/вход 0.000 ≤ 0.2; вход 22000.00 KZT; вне границы обхода.
100000005940652100,terminal,1.0,51,0.368747,Гипотеза terminal: наблюдаемый выход/вход 0.000 ≤ 0.2; вход 8395.00 KZT; вне границы обхода.
100000005941908100,terminal,1.0,40,0.35736,Гипотеза terminal: наблюдаемый выход/вход 0.000 ≤ 0.2; вход 10000.00 KZT; вне границы обхода.
100000005942793100,consolidator,0.7,0,0.42689,Гипотеза consolidator: вход от 4 плательщиков; 0 получателей; вход 55000.00 KZT.
100000005958064100,peripheral,0.2,40,0.435784,"Гипотеза peripheral: входов 1, выходов 2; вход 5746.00, выход 163986.84 KZT; сильные правила не выполнены."
100000005961971100,terminal,1.0,22,0.276315,Гипотеза terminal: наблюдаемый выход/вход 0.000 ≤ 0.2; вход 47353.00 KZT; вне границы обхода.
100000005974542100,terminal,1.0,29,0.388514,Гипотеза terminal: наблюдаемый выход/вход 0.000 ≤ 0.2; вход 94500.00 KZT; вне границы обхода.
100000005979037100,peripheral,0.2,8,0.380582,"Гипотеза peripheral: входов 1, выходов 0; вход 60300.00, выход 0.00 KZT; сильные правила не выполнены."
100000005995391100,terminal,1.0,22,0.258437,Гипотеза terminal: наблюдаемый выход/вход 0.000 ≤ 0.2; вход 17200.00 KZT; вне границы обхода.
100000005996909100,terminal,1.0,3,0.33831,Гипотеза terminal: наблюдаемый выход/вход 0.000 ≤ 0.2; вход 5500.00 KZT; вне границы обхода.
100000006008169100,terminal,1.0,7,0.283216,Гипотеза terminal: наблюдаемый выход/вход 0.000 ≤ 0.2; вход 70000.00 KZT; вне границы обхода.
100000006020215100,transit,0.873333,12,0.419686,"Гипотеза transit: входов 1, выходов 2; наблюдаемый выход/вход 1.127; вход 30000.00 KZT."
100000006030946100,terminal,1.0,22,0.284026,Гипотеза terminal: наблюдаемый выход/вход 0.000 ≤ 0.2; вход 73289.00 KZT; вне границы обхода.
100000006048193100,terminal,1.0,0,0.374011,Гипотеза terminal: наблюдаемый выход/вход 0.000 ≤ 0.2; вход 41559.00 KZT; вне границы обхода.
100000006069103100,coordinator,0.88,5,0.48497,"Гипотеза coordinator: связь с 7 seed по путям; входов 3, выходов 3; посредничество 0.00005."
100000006100920100,terminal,1.0,0,0.389512,Гипотеза terminal: наблюдаемый выход/вход 0.000 ≤ 0.2; вход 100000.00 KZT; вне границы обхода.
100000006111439100,coordinator,0.88,10,0.448235,"Гипотеза coordinator: связь с 7 seed по путям; входов 3, выходов 4; посредничество 0.00002."
100000006111442100,terminal,1.0,4,0.39013,Гипотеза terminal: наблюдаемый выход/вход 0.000 ≤ 0.2; вход 64000.00 KZT; вне границы обхода.
100000006122699100,terminal,1.0,16,0.396962,Гипотеза terminal: наблюдаемый выход/вход 0.000 ≤ 0.2; вход 45865.00 KZT; вне границы обхода.
100000006126743100,terminal,1.0,10,0.378958,Гипотеза terminal: наблюдаемый выход/вход 0.000 ≤ 0.2; вход 55000.00 KZT; вне границы обхода.
100000006161893100,terminal,1.0,16,0.354803,Гипотеза terminal: наблюдаемый выход/вход 0.000 ≤ 0.2; вход 14000.00 KZT; вне границы обхода.
100000006165886100,peripheral,0.2,0,0.442605,"Гипотеза peripheral: входов 2, выходов 1; вход 184481.00, выход 75000.00 KZT; сильные правила не выполнены."
100000006169033100,peripheral,0.2,66,0.482182,"Гипотеза peripheral: входов 1, выходов 3; вход 49000.00, выход 1140271.00 KZT; сильные правила не выполнены."
100000006171671100,peripheral,0.2,0,0.348863,"Гипотеза peripheral: входов 1, выходов 0; вход 10000.00, выход 0.00 KZT; сильные правила не выполнены."
100000006177176100,terminal,1.0,16,0.346828,Гипотеза terminal: наблюдаемый выход/вход 0.000 ≤ 0.2; вход 8911.00 KZT; вне границы обхода.
100000006209210100,terminal,1.0,1,0.404148,Гипотеза terminal: наблюдаемый выход/вход 0.000 ≤ 0.2; вход 229111.00 KZT; вне границы обхода.
100000006225798100,coordinator,0.88,28,0.483541,"Гипотеза coordinator: связь с 7 seed по путям; входов 3, выходов 2; посредничество 0.00003."
100000006232642100,peripheral,0.2,66,0.4163,"Гипотеза peripheral: входов 1, выходов 0; вход 456000.00, выход 0.00 KZT; сильные правила не выполнены."
100000006232815100,distributor,0.625,27,0.331852,Гипотеза distributor: выход к 5 получателям при 1 плательщиках; выход 296500.00 KZT.
100000006240939100,distributor,0.625,41,0.394566,Гипотеза distributor: выход к 5 получателям при 1 плательщиках; выход 778015.00 KZT.
100000006248077100,terminal,1.0,16,0.377276,Гипотеза terminal: наблюдаемый выход/вход 0.000 ≤ 0.2; вход 50000.00 KZT; вне границы обхода.
100000006249740100,peripheral,0.2,83,0.274492,"Гипотеза peripheral: входов 0, выходов 3; вход 0.00, выход 93007.00 KZT; сильные правила не выполнены."
100000006257675100,peripheral,0.2,32,0.383216,"Гипотеза peripheral: входов 1, выходов 0; вход 70000.00, выход 0.00 KZT; сильные правила не выполнены."
100000006274203100,terminal,0.94733,43,0.52658,Гипотеза terminal: наблюдаемый выход/вход 0.021 ≤ 0.2; вход 3417512.00 KZT; вне границы обхода.
100000006288612100,peripheral,0.2,7,0.368725,"Гипотеза peripheral: входов 1, выходов 0; вход 30805.00, выход 0.00 KZT; сильные правила не выполнены."
100000006308406100,peripheral,0.2,32,0.400181,"Гипотеза peripheral: входов 1, выходов 0; вход 183000.00, выход 0.00 KZT; сильные правила не выполнены."
100000006326645100,terminal,1.0,22,0.265224,Гипотеза terminal: наблюдаемый выход/вход 0.000 ≤ 0.2; вход 25264.00 KZT; вне границы обхода.
100000006351075100,peripheral,0.2,65,0.373336,"Гипотеза peripheral: входов 1, выходов 0; вход 40000.00, выход 0.00 KZT; сильные правила не выполнены."
100000006369769100,terminal,1.0,22,0.273336,Гипотеза terminal: наблюдаемый выход/вход 0.000 ≤ 0.2; вход 40000.00 KZT; вне границы обхода.
100000006381453100,peripheral,0.2,4,0.383912,"Гипотеза peripheral: входов 1, выходов 0; вход 45000.00, выход 0.00 KZT; сильные правила не выполнены."
100000006385877100,peripheral,0.2,4,0.308923,"Гипотеза peripheral: входов 1, выходов 1; вход 53706.62, выход 36602.93 KZT; сильные правила не выполнены."
100000006412162100,peripheral,0.2,47,0.256021,"Гипотеза peripheral: входов 1, выходов 0; вход 15000.00, выход 0.00 KZT; сильные правила не выполнены."
100000006416061100,peripheral,0.2,0,0.368258,"Гипотеза peripheral: входов 1, выходов 0; вход 30000.00, выход 0.00 KZT; сильные правила не выполнены."
100000006424479100,peripheral,0.2,12,0.485135,"Гипотеза peripheral: входов 1, выходов 2; вход 500000.00, выход 220000.00 KZT; сильные правила не выполнены."
100000006443391100,consolidator,0.65,4,0.353761,Гипотеза consolidator: вход от 3 плательщиков; 2 получателей; вход 86775.93 KZT.
100000006444163100,terminal,1.0,0,0.339923,Гипотеза terminal: наблюдаемый выход/вход 0.000 ≤ 0.2; вход 6026.00 KZT; вне границы обхода.
100000006445501100,terminal,1.0,11,0.396344,Гипотеза terminal: наблюдаемый выход/вход 0.000 ≤ 0.2; вход 91000.00 KZT; вне границы обхода.
100000006446271100,terminal,1.0,2,0.429755,Гипотеза terminal: наблюдаемый выход/вход 0.000 ≤ 0.2; вход 80000.00 KZT; вне границы обхода.
100000006471232100,terminal,1.0,22,0.274113,Гипотеза terminal: наблюдаемый выход/вход 0.000 ≤ 0.2; вход 41800.00 KZT; вне границы обхода.
100000006476758100,terminal,1.0,11,0.345817,Гипотеза terminal: наблюдаемый выход/вход 0.000 ≤ 0.2; вход 5200.00 KZT; вне границы обхода.
100000006490557100,terminal,1.0,1,0.236628,Гипотеза terminal: наблюдаемый выход/вход 0.000 ≤ 0.2; вход 5000.00 KZT; вне границы обхода.
100000006490615100,peripheral,0.2,12,0.374029,"Гипотеза peripheral: входов 1, выходов 0; вход 41600.00, выход 0.00 KZT; сильные правила не выполнены."
100000006491272100,terminal,1.0,22,0.265867,Гипотеза terminal: наблюдаемый выход/вход 0.000 ≤ 0.2; вход 26200.00 KZT; вне границы обхода.
100000006491963100,peripheral,0.2,47,0.25716,"Гипотеза peripheral: входов 1, выходов 0; вход 16000.00, выход 0.00 KZT; сильные правила не выполнены."
100000006492770100,terminal,0.814126,0,0.429972,Гипотеза terminal: наблюдаемый выход/вход 0.074 ≤ 0.2; вход 269000.00 KZT; вне границы обхода.
100000006512787100,peripheral,0.2,0,0.3611,"Гипотеза peripheral: входов 1, выходов 0; вход 20000.00, выход 0.00 KZT; сильные правила не выполнены."
100000006518161100,coordinator,0.88,16,0.492348,"Гипотеза coordinator: связь с 7 seed по путям; входов 3, выходов 2; посредничество 0.00006."
100000006522972100,terminal,1.0,10,0.347986,Гипотеза terminal: наблюдаемый выход/вход 0.000 ≤ 0.2; вход 9515.00 KZT; вне границы обхода.
100000006523053100,terminal,1.0,2,0.3596,Гипотеза terminal: наблюдаемый выход/вход 0.000 ≤ 0.2; вход 5000.00 KZT; вне границы обхода.
100000006527156100,peripheral,0.2,57,0.376738,"Гипотеза peripheral: входов 1, выходов 0; вход 48500.00, выход 0.00 KZT; сильные правила не выполнены."
100000006530134100,terminal,1.0,10,0.417241,Гипотеза terminal: наблюдаемый выход/вход 0.000 ≤ 0.2; вход 144663.00 KZT; вне границы обхода.
100000006532229100,terminal,1.0,4,0.39887,Гипотеза terminal: наблюдаемый выход/вход 0.000 ≤ 0.2; вход 105000.00 KZT; вне границы обхода.
100000006534886100,peripheral,0.2,16,0.426119,"Гипотеза peripheral: входов 1, выходов 1; вход 71700.00, выход 167500.00 KZT; сильные правила не выполнены."
100000006557763100,terminal,1.0,2,0.371835,Гипотеза terminal: наблюдаемый выход/вход 0.000 ≤ 0.2; вход 10000.00 KZT; вне границы обхода.
100000006562026100,terminal,1.0,83,0.334892,Гипотеза terminal: наблюдаемый выход/вход 0.000 ≤ 0.2; вход 75000.00 KZT; вне границы обхода.
100000006564102100,terminal,1.0,2,0.42056,Гипотеза terminal: наблюдаемый выход/вход 0.000 ≤ 0.2; вход 233235.00 KZT; вне границы обхода.
100000006567935100,terminal,1.0,33,0.401749,Гипотеза terminal: наблюдаемый выход/вход 0.000 ≤ 0.2; вход 200000.00 KZT; вне границы обхода.
100000006573438100,terminal,1.0,66,0.336628,Гипотеза terminal: наблюдаемый выход/вход 0.000 ≤ 0.2; вход 5000.00 KZT; вне границы обхода.
100000006579678100,distributor,0.65,16,0.523352,Гипотеза distributor: выход к 6 получателям при 2 плательщиках; выход 1668800.00 KZT.
100000006595426100,terminal,1.0,0,0.386602,Гипотеза terminal: наблюдаемый выход/вход 0.000 ≤ 0.2; вход 84800.00 KZT; вне границы обхода.
100000006612238100,terminal,0.609375,22,0.321583,Гипотеза terminal: наблюдаемый выход/вход 0.156 ≤ 0.2; вход 160000.00 KZT; вне границы обхода.
100000006638021100,peripheral,0.2,60,0.450778,"Гипотеза peripheral: входов 2, выходов 0; вход 388500.00, выход 0.00 KZT; сильные правила не выполнены."
100000006641671100,transit,0.863636,8,0.412545,"Гипотеза transit: входов 2, выходов 1; наблюдаемый выход/вход 1.136; вход 22000.00 KZT."
100000006656003100,peripheral,0.2,22,0.288869,"Гипотеза peripheral: входов 1, выходов 1; вход 20000.00, выход 9000.00 KZT; сильные правила не выполнены."
100000006658598100,terminal,1.0,16,0.347004,Гипотеза terminal: наблюдаемый выход/вход 0.000 ≤ 0.2; вход 9000.00 KZT; вне границы обхода.
100000006664478100,transit,0.909091,41,0.328239,"Гипотеза transit: входов 1, выходов 2; наблюдаемый выход/вход 1.091; вход 55000.00 KZT."
100000006679055100,terminal,1.0,2,0.381135,Гипотеза terminal: наблюдаемый выход/вход 0.000 ≤ 0.2; вход 25000.00 KZT; вне границы обхода.
100000006684930100,terminal,1.0,12,0.371835,Гипотеза terminal: наблюдаемый выход/вход 0.000 ≤ 0.2; вход 10000.00 KZT; вне границы обхода.
100000006687202100,terminal,1.0,0,0.377276,Гипотеза terminal: наблюдаемый выход/вход 0.000 ≤ 0.2; вход 50000.00 KZT; вне границы обхода.
100000006689603100,peripheral,0.2,8,0.413986,"Гипотеза peripheral: входов 1, выходов 0; вход 400000.00, выход 0.00 KZT; сильные правила не выполнены."
100000006693788100,peripheral,0.2,0,0.350163,"Гипотеза peripheral: входов 1, выходов 0; вход 10764.00, выход 0.00 KZT; сильные правила не выполнены."
100000006701983100,terminal,1.0,22,0.266398,Гипотеза terminal: наблюдаемый выход/вход 0.000 ≤ 0.2; вход 27000.00 KZT; вне границы обхода.
100000006704530100,transit,0.950055,14,0.477349,"Гипотеза transit: входов 1, выходов 3; наблюдаемый выход/вход 0.950; вход 450500.00 KZT."
100000006706519100,peripheral,0.2,0,0.371476,"Гипотеза peripheral: входов 1, выходов 0; вход 36000.00, выход 0.00 KZT; сильные правила не выполнены."
100000006707582100,distributor,0.85,11,0.612321,Гипотеза distributor: выход к 14 получателям при 2 плательщиках; выход 961138.00 KZT.
100000006710485100,terminal,1.0,22,0.2611,Гипотеза terminal: наблюдаемый выход/вход 0.000 ≤ 0.2; вход 20000.00 KZT; вне границы обхода.
100000006714366100,peripheral,0.2,12,0.378328,"Гипотеза peripheral: входов 1, выходов 1; вход 10500.00, выход 5000.00 KZT; сильные правила не выполнены."
100000006734214100,coordinator,0.88,10,0.502669,"Гипотеза coordinator: связь с 7 seed по путям; входов 5, выходов 3; посредничество 0.00005."
100000006734554100,peripheral,0.2,27,0.295196,"Гипотеза peripheral: входов 1, выходов 1; вход 16500.00, выход 25000.00 KZT; сильные правила не выполнены."
100000006735545100,peripheral,0.2,8,0.336628,"Гипотеза peripheral: входов 1, выходов 0; вход 5000.00, выход 0.00 KZT; сильные правила не выполнены."
100000006745291100,terminal,1.0,11,0.39462,Гипотеза terminal: наблюдаемый выход/вход 0.000 ≤ 0.2; вход 82534.00 KZT; вне границы обхода.
100000006746688100,terminal,1.0,22,0.273772,Гипотеза terminal: наблюдаемый выход/вход 0.000 ≤ 0.2; вход 41000.00 KZT; вне границы обхода.
100000006755850100,terminal,1.0,10,0.445056,Гипотеза terminal: наблюдаемый выход/вход 0.000 ≤ 0.2; вход 443475.80 KZT; вне границы обхода.
100000006756956100,peripheral,0.2,0,0.392907,"Гипотеза peripheral: входов 1, выходов 0; вход 121200.00, выход 0.00 KZT; сильные правила не выполнены."
100000006787636100,terminal,1.0,5,0.3611,Гипотеза terminal: наблюдаемый выход/вход 0.000 ≤ 0.2; вход 20000.00 KZT; вне границы обхода.
100000006788200100,coordinator,0.88,41,0.486029,"Гипотеза coordinator: связь с 7 seed по путям; входов 4, выходов 3; посредничество 0.00009."
100000006789108100,terminal,1.0,11,0.380693,Гипотеза terminal: наблюдаемый выход/вход 0.000 ≤ 0.2; вход 37500.00 KZT; вне границы обхода.
100000006831291100,peripheral,0.2,83,0.206021,"Гипотеза peripheral: входов 0, выходов 1; вход 0.00, выход 15000.00 KZT; сильные правила не выполнены."
100000006844004100,terminal,1.0,0,0.361621,Гипотеза terminal: наблюдаемый выход/вход 0.000 ≤ 0.2; вход 20600.00 KZT; вне границы обхода.
100000006844768100,peripheral,0.2,0,0.45412,"Гипотеза peripheral: входов 1, выходов 2; вход 282000.00, выход 188000.00 KZT; сильные правила не выполнены."
100000006852430100,terminal,1.0,11,0.401208,Гипотеза terminal: наблюдаемый выход/вход 0.000 ≤ 0.2; вход 37000.00 KZT; вне границы обхода.
100000006866783100,coordinator,0.84,0,0.804213,"Гипотеза coordinator: связь с 6 seed по путям; входов 13, выходов 67; посредничество 0.00550."
100000006866831100,peripheral,0.2,0,0.357704,"Гипотеза peripheral: входов 1, выходов 0; вход 16500.00, выход 0.00 KZT; сильные правила не выполнены."
100000006882208100,terminal,1.0,16,0.35924,Гипотеза terminal: наблюдаемый выход/вход 0.000 ≤ 0.2; вход 18000.00 KZT; вне границы обхода.
100000006888238100,peripheral,0.2,52,0.297868,"Гипотеза peripheral: входов 1, выходов 1; вход 18000.00, выход 30000.00 KZT; сильные правила не выполнены."
100000006889963100,consolidator,0.7,10,0.528487,Гипотеза consolidator: вход от 4 плательщиков; 1 получателей; вход 1431000.00 KZT.
100000006894637100,terminal,1.0,0,0.378248,Гипотеза terminal: наблюдаемый выход/вход 0.000 ≤ 0.2; вход 52831.00 KZT; вне границы обхода.
100000006901046100,terminal,0.818602,16,0.407068,Гипотеза terminal: наблюдаемый выход/вход 0.073 ≤ 0.2; вход 75800.00 KZT; вне границы обхода.
100000006903193100,peripheral,0.2,0,0.347004,"Гипотеза peripheral: входов 1, выходов 0; вход 9000.00, выход 0.00 KZT; сильные правила не выполнены."
100000006912294100,peripheral,0.2,4,0.307899,"Гипотеза peripheral: входов 1, выходов 2; вход 6335.09, выход 30000.00 KZT; сильные правила не выполнены."
100000006918814100,peripheral,0.2,2,0.3611,"Гипотеза peripheral: входов 1, выходов 0; вход 20000.00, выход 0.00 KZT; сильные правила не выполнены."
100000006919124100,terminal,1.0,0,0.365039,Гипотеза terminal: наблюдаемый выход/вход 0.000 ≤ 0.2; вход 25000.00 KZT; вне границы обхода.
100000006952718100,terminal,1.0,16,0.383587,Гипотеза terminal: наблюдаемый выход/вход 0.000 ≤ 0.2; вход 71489.00 KZT; вне границы обхода.
100000006965162100,terminal,1.0,15,0.348863,Гипотеза terminal: наблюдаемый выход/вход 0.000 ≤ 0.2; вход 10000.00 KZT; вне границы обхода.
100000006967370100,peripheral,0.2,28,0.397813,"Гипотеза peripheral: входов 1, выходов 1; вход 33225.00, выход 13526.27 KZT; сильные правила не выполнены."
100000006972210100,consolidator,0.65,4,0.46228,Гипотеза consolidator: вход от 3 плательщиков; 0 получателей; вход 488775.00 KZT.
100000006977207100,distributor,0.875,35,0.474605,Гипотеза distributor: выход к 15 получателям при 1 плательщиках; выход 4157018.00 KZT.
100000006989106100,terminal,1.0,1,0.281634,Гипотеза terminal: наблюдаемый выход/вход 0.000 ≤ 0.2; вход 64000.00 KZT; вне границы обхода.
100000006989232100,terminal,1.0,0,0.362937,Гипотеза terminal: наблюдаемый выход/вход 0.000 ≤ 0.2; вход 22194.00 KZT; вне границы обхода.
100000006994985100,peripheral,0.2,41,0.401831,"Гипотеза peripheral: входов 1, выходов 1; вход 48500.00, выход 10200.00 KZT; сильные правила не выполнены."
100000007005380100,terminal,1.0,10,0.347771,Гипотеза terminal: наблюдаемый выход/вход 0.000 ≤ 0.2; вход 9400.00 KZT; вне границы обхода.
100000007018630100,peripheral,0.2,37,0.251749,"Гипотеза peripheral: входов 0, выходов 1; вход 0.00, выход 200000.00 KZT; сильные правила не выполнены."
100000007020162100,terminal,1.0,40,0.386931,Гипотеза terminal: наблюдаемый выход/вход 0.000 ≤ 0.2; вход 86395.00 KZT; вне границы обхода.
100000007022818100,terminal,1.0,22,0.258437,Гипотеза terminal: наблюдаемый выход/вход 0.000 ≤ 0.2; вход 17200.00 KZT; вне границы обхода.
100000007034089100,peripheral,0.2,4,0.431278,"Гипотеза peripheral: входов 2, выходов 0; вход 198000.00, выход 0.00 KZT; сильные правила не выполнены."
100000007042175100,peripheral,0.2,0,0.380494,"Гипотеза peripheral: входов 1, выходов 0; вход 60000.00, выход 0.00 KZT; сильные правила не выполнены."
100000007055802100,consolidator,0.8,0,0.519753,Гипотеза consolidator: вход от 6 плательщиков; 1 получателей; вход 2024999.00 KZT.
100000007071852100,peripheral,0.2,8,0.401302,"Гипотеза peripheral: входов 1, выходов 0; вход 195000.00, выход 0.00 KZT; сильные правила не выполнены."
100000007129492100,peripheral,0.2,11,0.453274,"Гипотеза peripheral: входов 2, выходов 1; вход 50990.00, выход 37000.00 KZT; сильные правила не выполнены."
100000007131370100,transit,1.0,3,0.401705,"Гипотеза transit: входов 1, выходов 1; наблюдаемый выход/вход 1.000; вход 30000.00 KZT."
100000007138613100,coordinator,0.88,0,0.491596,"Гипотеза coordinator: связь с 7 seed по путям; входов 3, выходов 2; посредничество 0.00003."
100000007140834100,terminal,1.0,41,0.349213,Гипотеза terminal: наблюдаемый выход/вход 0.000 ≤ 0.2; вход 10200.00 KZT; вне границы обхода.
100000007153161100,peripheral,0.2,0,0.375414,"Гипотеза peripheral: входов 1, выходов 0; вход 44997.00, выход 0.00 KZT; сильные правила не выполнены."
100000007170072100,transit,0.995,8,0.438992,"Гипотеза transit: входов 1, выходов 2; наблюдаемый выход/вход 0.995; вход 100000.00 KZT."
100000007173936100,terminal,1.0,33,0.348863,Гипотеза terminal: наблюдаемый выход/вход 0.000 ≤ 0.2; вход 10000.00 KZT; вне границы обхода.
100000007175718100,terminal,1.0,55,0.2611,Гипотеза terminal: наблюдаемый выход/вход 0.000 ≤ 0.2; вход 20000.00 KZT; вне границы обхода.
100000007181706100,terminal,1.0,2,0.443702,Гипотеза terminal: наблюдаемый выход/вход 0.000 ≤ 0.2; вход 176272.00 KZT; вне границы обхода.
100000007197866100,peripheral,0.2,8,0.392703,"Гипотеза peripheral: входов 1, выходов 1; вход 20000.00, выход 15000.00 KZT; сильные правила не выполнены."
100000007229557100,consolidator,0.65,46,0.480221,Гипотеза consolidator: вход от 3 плательщиков; 0 получателей; вход 878000.00 KZT.
100000007242833100,peripheral,0.2,7,0.434783,"Гипотеза peripheral: входов 1, выходов 1; вход 107500.00, выход 45000.00 KZT; сильные правила не выполнены."
100000007267915100,peripheral,0.2,28,0.405096,"Гипотеза peripheral: входов 2, выходов 1; вход 21000.00, выход 10000.00 KZT; сильные правила не выполнены."
100000007274584100,terminal,1.0,2,0.395402,Гипотеза terminal: наблюдаемый выход/вход 0.000 ≤ 0.2; вход 38000.00 KZT; вне границы обхода.
100000007281639100,terminal,1.0,16,0.424381,Гипотеза terminal: наблюдаемый выход/вход 0.000 ≤ 0.2; вход 216770.00 KZT; вне границы обхода.
100000007283257100,terminal,1.0,73,0.301029,Гипотеза terminal: наблюдаемый выход/вход 0.000 ≤ 0.2; вход 192000.00 KZT; вне границы обхода.
100000007289427100,terminal,1.0,2,0.252518,Гипотеза terminal: наблюдаемый выход/вход 0.000 ≤ 0.2; вход 12300.00 KZT; вне границы обхода.
100000007303047100,terminal,1.0,22,0.278053,Гипотеза terminal: наблюдаемый выход/вход 0.000 ≤ 0.2; вход 52250.00 KZT; вне границы обхода.
100000007311010100,peripheral,0.2,2,0.446279,"Гипотеза peripheral: входов 2, выходов 1; вход 64480.00, выход 20000.00 KZT; сильные правила не выполнены."
100000007322059100,peripheral,0.2,42,0.42358,"Гипотеза peripheral: входов 2, выходов 1; вход 29000.00, выход 22500.00 KZT; сильные правила не выполнены."
100000007330432100,peripheral,0.2,84,0.420695,"Гипотеза peripheral: входов 1, выходов 0; вход 584900.00, выход 0.00 KZT; сильные правила не выполнены."
100000007333038100,peripheral,0.2,24,0.314599,"Гипотеза peripheral: входов 1, выходов 2; вход 17500.00, выход 34994.00 KZT; сильные правила не выполнены."
100000007334196100,terminal,1.0,11,0.405167,Гипотеза terminal: наблюдаемый выход/вход 0.000 ≤ 0.2; вход 150002.00 KZT; вне границы обхода.
100000007337374100,terminal,1.0,22,0.2611,Гипотеза terminal: наблюдаемый выход/вход 0.000 ≤ 0.2; вход 20000.00 KZT; вне границы обхода.
100000007347733100,terminal,1.0,83,0.263572,Гипотеза terminal: наблюдаемый выход/вход 0.000 ≤ 0.2; вход 23007.00 KZT; вне границы обхода.
100000007357489100,peripheral,0.2,4,0.428006,"Гипотеза peripheral: входов 2, выходов 0; вход 164500.00, выход 0.00 KZT; сильные правила не выполнены."
100000007381662100,peripheral,0.2,0,0.350546,"Гипотеза peripheral: входов 1, выходов 0; вход 11000.00, выход 0.00 KZT; сильные правила не выполнены."
100000007382152100,terminal,1.0,0,0.33943,Гипотеза terminal: наблюдаемый выход/вход 0.000 ≤ 0.2; вход 5860.00 KZT; вне границы обхода.
100000007382543100,coordinator,0.88,15,0.508466,"Гипотеза coordinator: связь с 7 seed по путям; входов 3, выходов 5; посредничество 0.00025."
100000007390016100,peripheral,0.2,85,0.448659,"Гипотеза peripheral: входов 1, выходов 1; вход 511000.00, выход 346500.00 KZT; сильные правила не выполнены."
100000007392365100,distributor,0.65,65,0.515895,Гипотеза distributor: выход к 6 получателям при 1 плательщиках; выход 1765600.00 KZT.
100000007442518100,coordinator,0.88,33,0.571124,"Гипотеза coordinator: связь с 7 seed по путям; входов 5, выходов 9; посредничество 0.00025."
100000007472293100,peripheral,0.2,60,0.476807,"Гипотеза peripheral: входов 1, выходов 3; вход 5000.00, выход 345900.00 KZT; сильные правила не выполнены."
100000007484343100,terminal,1.0,0,0.387448,Гипотеза terminal: наблюдаемый выход/вход 0.000 ≤ 0.2; вход 26757.00 KZT; вне границы обхода.
100000007487729100,terminal,1.0,0,0.365039,Гипотеза terminal: наблюдаемый выход/вход 0.000 ≤ 0.2; вход 25000.00 KZT; вне границы обхода.
100000007507343100,terminal,1.0,58,0.31261,Гипотеза terminal: наблюдаемый выход/вход 0.000 ≤ 0.2; вход 370000.00 KZT; вне границы обхода.
100000007510567100,peripheral,0.2,18,0.377968,"Гипотеза peripheral: входов 1, выходов 0; вход 52000.00, выход 0.00 KZT; сильные правила не выполнены."
100000007510875100,terminal,1.0,4,0.236628,Гипотеза terminal: наблюдаемый выход/вход 0.000 ≤ 0.2; вход 5000.00 KZT; вне границы обхода.
100000007511163100,peripheral,0.2,16,0.455786,"Гипотеза peripheral: входов 2, выходов 3; вход 63666.00, выход 82052.00 KZT; сильные правила не выполнены."
100000007511780100,peripheral,0.2,0,0.39725,"Гипотеза peripheral: входов 1, выходов 0; вход 155000.00, выход 0.00 KZT; сильные правила не выполнены."
100000007534354100,peripheral,0.2,24,0.349487,"Гипотеза peripheral: входов 1, выходов 3; вход 50000.00, выход 147810.00 KZT; сильные правила не выполнены."
100000007536804100,peripheral,0.2,1,0.333509,"Гипотеза peripheral: входов 1, выходов 2; вход 100000.00, выход 55000.00 KZT; сильные правила не выполнены."
100000007539296100,peripheral,0.2,10,0.375804,"Гипотеза peripheral: входов 1, выходов 0; вход 46000.00, выход 0.00 KZT; сильные правила не выполнены."
100000007544358100,transit,0.914729,16,0.459931,"Гипотеза transit: входов 2, выходов 1; наблюдаемый выход/вход 1.085; вход 322500.00 KZT."
100000007591246100,peripheral,0.2,12,0.415684,"Гипотеза peripheral: входов 1, выходов 1; вход 12190.00, выход 120000.00 KZT; сильные правила не выполнены."
100000007593823100,coordinator,0.88,0,0.533389,"Гипотеза coordinator: связь с 7 seed по путям; входов 3, выходов 13; посредничество 0.00070."
100000007594394100,consolidator,0.8,43,0.543002,Гипотеза consolidator: вход от 6 плательщиков; 1 получателей; вход 395385.00 KZT.
100000007597382100,terminal,1.0,10,0.356826,Гипотеза terminal: наблюдаемый выход/вход 0.000 ≤ 0.2; вход 15700.00 KZT; вне границы обхода.
100000007617808100,terminal,1.0,16,0.416066,Гипотеза terminal: наблюдаемый выход/вход 0.000 ≤ 0.2; вход 450000.00 KZT; вне границы обхода.
100000007618425100,terminal,1.0,28,0.373046,Гипотеза terminal: наблюдаемый выход/вход 0.000 ≤ 0.2; вход 39348.00 KZT; вне границы обхода.
100000007629096100,consolidator,0.7,0,0.498401,Гипотеза consolidator: вход от 4 плательщиков; 1 получателей; вход 1075170.00 KZT.
100000007629121100,terminal,1.0,2,0.390631,Гипотеза terminal: наблюдаемый выход/вход 0.000 ≤ 0.2; вход 29000.00 KZT; вне границы обхода.
100000007631637100,terminal,1.0,22,0.256418,Гипотеза terminal: наблюдаемый выход/вход 0.000 ≤ 0.2; вход 15341.00 KZT; вне границы обхода.
100000007639767100,coordinator,0.88,0,0.585518,"Гипотеза coordinator: связь с 7 seed по путям; входов 4, выходов 10; посредничество 0.00175."
100000007641183100,terminal,1.0,16,0.36704,Гипотеза terminal: наблюдаемый выход/вход 0.000 ≤ 0.2; вход 28000.00 KZT; вне границы обхода.
100000007641801100,terminal,1.0,1,0.301749,Гипотеза terminal: наблюдаемый выход/вход 0.000 ≤ 0.2; вход 200000.00 KZT; вне границы обхода.
100000007647294100,terminal,1.0,38,0.413312,Гипотеза terminal: наблюдаемый выход/вход 0.000 ≤ 0.2; вход 385000.00 KZT; вне границы обхода.
100000007648946100,peripheral,0.2,12,0.396514,"Гипотеза peripheral: входов 1, выходов 1; вход 19550.00, выход 25000.00 KZT; сильные правила не выполнены."
100000007653003100,terminal,1.0,28,0.389512,Гипотеза terminal: наблюдаемый выход/вход 0.000 ≤ 0.2; вход 100000.00 KZT; вне границы обхода.
100000007653094100,peripheral,0.2,12,0.35716,"Гипотеза peripheral: входов 1, выходов 0; вход 16000.00, выход 0.00 KZT; сильные правила не выполнены."
100000007689942100,peripheral,0.2,43,0.40503,"Гипотеза peripheral: входов 1, выходов 2; вход 5000.00, выход 25000.00 KZT; сильные правила не выполнены."
100000007731977100,peripheral,0.2,0,0.377276,"Гипотеза peripheral: входов 1, выходов 0; вход 50000.00, выход 0.00 KZT; сильные правила не выполнены."
100000007737775100,terminal,1.0,53,0.348343,Гипотеза terminal: наблюдаемый выход/вход 0.000 ≤ 0.2; вход 6000.00 KZT; вне границы обхода.
100000007745062100,peripheral,0.2,7,0.405609,"Гипотеза peripheral: входов 1, выходов 0; вход 100000.00, выход 0.00 KZT; сильные правила не выполнены."
100000007747786100,distributor,1.0,1,0.450694,Гипотеза distributor: выход к 31 получателям при 0 плательщиках; выход 4238009.40 KZT.
100000007749092100,peripheral,0.2,16,0.406342,"Гипотеза peripheral: входов 1, выходов 1; вход 7650.00, выход 70375.00 KZT; сильные правила не выполнены."
100000007749747100,peripheral,0.2,4,0.385772,"Гипотеза peripheral: входов 1, выходов 0; вход 50000.00, выход 0.00 KZT; сильные правила не выполнены."
100000007754369100,terminal,1.0,0,0.3861,Гипотеза terminal: наблюдаемый выход/вход 0.000 ≤ 0.2; вход 82424.00 KZT; вне границы обхода.
100000007777377100,terminal,0.94521,16,0.456548,Гипотеза terminal: наблюдаемый выход/вход 0.022 ≤ 0.2; вход 456290.00 KZT; вне границы обхода.
100000007793871100,terminal,1.0,11,0.374228,Гипотеза terminal: наблюдаемый выход/вход 0.000 ≤ 0.2; вход 26000.00 KZT; вне границы обхода.
100000007797290100,terminal,0.5,0,0.414455,Гипотеза terminal: наблюдаемый выход/вход 0.200 ≤ 0.2; вход 100000.00 KZT; вне границы обхода.
100000007811950100,peripheral,0.2,13,0.377276,"Гипотеза peripheral: входов 1, выходов 0; вход 50000.00, выход 0.00 KZT; сильные правила не выполнены."
100000007841978100,peripheral,0.2,10,0.416027,"Гипотеза peripheral: входов 1, выходов 0; вход 449000.00, выход 0.00 KZT; сильные правила не выполнены."
100000007861311100,terminal,1.0,1,0.275416,Гипотеза terminal: наблюдаемый выход/вход 0.000 ≤ 0.2; вход 45000.00 KZT; вне границы обхода.
100000007863304100,terminal,1.0,10,0.365039,Гипотеза terminal: наблюдаемый выход/вход 0.000 ≤ 0.2; вход 25000.00 KZT; вне границы обхода.
100000007864477100,distributor,0.65,0,0.487918,Гипотеза distributor: выход к 6 получателям при 2 плательщиках; выход 203500.00 KZT.
100000007865484100,peripheral,0.2,65,0.420686,"Гипотеза peripheral: входов 1, выходов 0; вход 584600.00, выход 0.00 KZT; сильные правила не выполнены."
100000007867364100,peripheral,0.2,43,0.374135,"Гипотеза peripheral: входов 1, выходов 0; вход 41852.00, выход 0.00 KZT; сильные правила не выполнены."
100000007898453100,peripheral,0.2,2,0.471107,"Гипотеза peripheral: входов 1, выходов 2; вход 24750.00, выход 320000.00 KZT; сильные правила не выполнены."
100000007908818100,coordinator,1.0,2,0.552696,"Гипотеза coordinator: связь с 11 seed по путям; входов 4, выходов 6; посредничество 0.00012."
100000007930878100,terminal,1.0,23,0.236628,Гипотеза terminal: наблюдаемый выход/вход 0.000 ≤ 0.2; вход 5000.00 KZT; вне границы обхода.
100000007938486100,terminal,1.0,22,0.273114,Гипотеза terminal: наблюдаемый выход/вход 0.000 ≤ 0.2; вход 39500.00 KZT; вне границы обхода.
100000007939160100,terminal,0.955031,23,0.362789,Гипотеза terminal: наблюдаемый выход/вход 0.018 ≤ 0.2; вход 795000.00 KZT; вне границы обхода.
100000007953156100,peripheral,0.2,40,0.39726,"Гипотеза peripheral: входов 1, выходов 1; вход 18000.00, выход 10000.00 KZT; сильные правила не выполнены."
100000007960337100,peripheral,0.2,8,0.371229,"Гипотеза peripheral: входов 1, выходов 0; вход 35500.00, выход 0.00 KZT; сильные правила не выполнены."
100000007982728100,distributor,0.7,41,0.369262,Гипотеза distributor: выход к 8 получателям при 0 плательщиках; выход 1804384.00 KZT.
100000007982908100,terminal,1.0,22,0.268882,Гипотеза terminal: наблюдаемый выход/вход 0.000 ≤ 0.2; вход 31080.00 KZT; вне границы обхода.
100000007988344100,peripheral,0.2,0,0.3611,"Гипотеза peripheral: входов 1, выходов 0; вход 20000.00, выход 0.00 KZT; сильные правила не выполнены."
100000007997939100,peripheral,0.2,4,0.369591,"Гипотеза peripheral: входов 1, выходов 0; вход 13000.00, выход 0.00 KZT; сильные правила не выполнены."
100000007998965100,consolidator,0.75,11,0.483684,Гипотеза consolidator: вход от 5 плательщиков; 1 получателей; вход 278000.00 KZT.
100000007999728100,terminal,1.0,40,0.363758,Гипотеза terminal: наблюдаемый выход/вход 0.000 ≤ 0.2; вход 23250.00 KZT; вне границы обхода.
100000008002020100,peripheral,0.2,7,0.309031,"Гипотеза peripheral: входов 1, выходов 1; вход 73860.00, выход 17000.00 KZT; сильные правила не выполнены."
100000008003034100,peripheral,0.2,12,0.471732,"Гипотеза peripheral: входов 1, выходов 4; вход 12201.00, выход 135000.00 KZT; сильные правила не выполнены."
100000008008463100,terminal,1.0,41,0.278693,Гипотеза terminal: наблюдаемый выход/вход 0.000 ≤ 0.2; вход 54180.00 KZT; вне границы обхода.
100000008011159100,coordinator,0.88,66,0.500429,"Гипотеза coordinator: связь с 7 seed по путям; входов 3, выходов 5; посредничество 0.00011."
100000008011573100,terminal,1.0,28,0.356021,Гипотеза terminal: наблюдаемый выход/вход 0.000 ≤ 0.2; вход 15000.00 KZT; вне границы обхода.
100000008027922100,peripheral,0.2,29,0.383216,"Гипотеза peripheral: входов 1, выходов 0; вход 70000.00, выход 0.00 KZT; сильные правила не выполнены."
100000008028628100,terminal,1.0,22,0.279658,Гипотеза terminal: наблюдаемый выход/вход 0.000 ≤ 0.2; вход 57224.00 KZT; вне границы обхода.
100000008029279100,terminal,1.0,8,0.358231,Гипотеза terminal: наблюдаемый выход/вход 0.000 ≤ 0.2; вход 17000.00 KZT; вне границы обхода.
100000008038077100,terminal,1.0,10,0.417921,Гипотеза terminal: наблюдаемый выход/вход 0.000 ≤ 0.2; вход 499850.00 KZT; вне границы обхода.
100000008042075100,terminal,1.0,21,0.236628,Гипотеза terminal: наблюдаемый выход/вход 0.000 ≤ 0.2; вход 5000.00 KZT; вне границы обхода.
100000008043184100,terminal,1.0,28,0.377474,Гипотеза terminal: наблюдаемый выход/вход 0.000 ≤ 0.2; вход 50564.00 KZT; вне границы обхода.
100000008050986100,peripheral,0.2,10,0.388607,"Гипотеза peripheral: входов 1, выходов 0; вход 95000.00, выход 0.00 KZT; сильные правила не выполнены."
100000008055972100,terminal,1.0,22,0.267228,Гипотеза terminal: наблюдаемый выход/вход 0.000 ≤ 0.2; вход 28300.00 KZT; вне границы обхода.
100000008060273100,terminal,1.0,2,0.378112,Гипотеза terminal: наблюдаемый выход/вход 0.000 ≤ 0.2; вход 10000.00 KZT; вне границы обхода.
100000008066326100,terminal,1.0,0,0.360489,Гипотеза terminal: наблюдаемый выход/вход 0.000 ≤ 0.2; вход 19320.00 KZT; вне границы обхода.
100000008070101100,terminal,1.0,4,0.398009,Гипотеза terminal: наблюдаемый выход/вход 0.000 ≤ 0.2; вход 100000.00 KZT; вне границы обхода.
100000008071620100,terminal,1.0,0,0.376171,Гипотеза terminal: наблюдаемый выход/вход 0.000 ≤ 0.2; вход 46968.00 KZT; вне границы обхода.
100000008071749100,peripheral,0.2,18,0.364999,"Гипотеза peripheral: входов 1, выходов 0; вход 24943.00, выход 0.00 KZT; сильные правила не выполнены."
100000008074304100,peripheral,0.2,10,0.33831,"Гипотеза peripheral: входов 1, выходов 0; вход 5500.00, выход 0.00 KZT; сильные правила не выполнены."
100000008077552100,terminal,1.0,8,0.402944,Гипотеза terminal: наблюдаемый выход/вход 0.000 ≤ 0.2; вход 214000.00 KZT; вне границы обхода.
100000008086440100,distributor,0.625,0,0.479704,Гипотеза distributor: выход к 5 получателям при 1 плательщиках; выход 161300.00 KZT.
100000008088082100,peripheral,0.2,12,0.409206,"Гипотеза peripheral: входов 1, выходов 1; вход 39138.00, выход 50000.00 KZT; сильные правила не выполнены."
100000008094734100,consolidator,0.7,0,0.461118,Гипотеза consolidator: вход от 4 плательщиков; 0 получателей; вход 236249.00 KZT.
100000008097580100,terminal,1.0,8,0.390607,Гипотеза terminal: наблюдаемый выход/вход 0.000 ≤ 0.2; вход 32000.00 KZT; вне границы обхода.
100000008104567100,coordinator,0.88,18,0.625922,"Гипотеза coordinator: связь с 7 seed по путям; входов 3, выходов 3; посредничество 0.00583."
100000008106997100,peripheral,0.2,0,0.416112,"Гипотеза peripheral: входов 2, выходов 1; вход 35600.00, выход 20600.00 KZT; сильные правила не выполнены."
100000008111003100,consolidator,0.8,0,0.489333,Гипотеза consolidator: вход от 6 плательщиков; 1 получателей; вход 222716.00 KZT.
100000008116374100,terminal,1.0,16,0.368997,Гипотеза terminal: наблюдаемый выход/вход 0.000 ≤ 0.2; вход 31284.00 KZT; вне границы обхода.
100000008117324100,peripheral,0.2,86,0.0,"Гипотеза peripheral: входов 0, выходов 0; вход 0.00, выход 0.00 KZT; сильные правила не выполнены."
100000008121806100,peripheral,0.2,8,0.481594,"Гипотеза peripheral: входов 1, выходов 4; вход 67000.00, выход 248509.00 KZT; сильные правила не выполнены."
100000008129393100,terminal,1.0,83,0.248863,Гипотеза terminal: наблюдаемый выход/вход 0.000 ≤ 0.2; вход 10000.00 KZT; вне границы обхода.
100000008130868100,peripheral,0.2,24,0.263399,"Гипотеза peripheral: входов 1, выходов 0; вход 22782.00, выход 0.00 KZT; сильные правила не выполнены."
100000008136608100,peripheral,0.2,18,0.39888,"Гипотеза peripheral: входов 1, выходов 0; вход 170000.00, выход 0.00 KZT; сильные правила не выполнены."
100000008137435100,distributor,0.65,29,0.523658,Гипотеза distributor: выход к 6 получателям при 2 плательщиках; выход 1419700.00 KZT.
100000008141170100,terminal,1.0,16,0.350546,Гипотеза terminal: наблюдаемый выход/вход 0.000 ≤ 0.2; вход 11000.00 KZT; вне границы обхода.
100000008144528100,consolidator,0.75,16,0.488797,Гипотеза consolidator: вход от 5 плательщиков; 0 получателей; вход 1068202.60 KZT.
100000008151098100,peripheral,0.2,14,0.368258,"Гипотеза peripheral: входов 1, выходов 0; вход 30000.00, выход 0.00 KZT; сильные правила не выполнены."
100000008165763100,coordinator,0.96,2,0.616033,"Гипотеза coordinator: связь с 9 seed по путям; входов 15, выходов 17; посредничество 0.00025."
100000008168850100,peripheral,0.2,10,0.400649,"Гипотеза peripheral: входов 1, выходов 0; вход 187910.00, выход 0.00 KZT; сильные правила не выполнены."
100000008169544100,peripheral,0.2,16,0.459582,"Гипотеза peripheral: входов 1, выходов 4; вход 137104.00, выход 42800.00 KZT; сильные правила не выполнены."
100000008172352100,coordinator,0.92,42,0.515366,"Гипотеза coordinator: связь с 8 seed по путям; входов 3, выходов 7; посредничество 0.00016."
100000008172721100,peripheral,0.2,8,0.398707,"Гипотеза peripheral: входов 1, выходов 0; вход 168335.00, выход 0.00 KZT; сильные правила не выполнены."
100000008173359100,terminal,1.0,16,0.340167,Гипотеза terminal: наблюдаемый выход/вход 0.000 ≤ 0.2; вход 6110.00 KZT; вне границы обхода.
100000008174521100,terminal,1.0,16,0.386033,Гипотеза terminal: наблюдаемый выход/вход 0.000 ≤ 0.2; вход 82110.00 KZT; вне границы обхода.
100000008175078100,peripheral,0.2,20,0.440992,"Гипотеза peripheral: входов 1, выходов 0; вход 1846711.00, выход 0.00 KZT; сильные правила не выполнены."
100000008183752100,peripheral,0.2,46,0.403949,"Гипотеза peripheral: входов 1, выходов 0; вход 140000.00, выход 0.00 KZT; сильные правила не выполнены."
100000008188026100,peripheral,0.2,3,0.482621,"Гипотеза peripheral: входов 2, выходов 4; вход 86468.00, выход 337983.17 KZT; сильные правила не выполнены."
100000008190411100,peripheral,0.2,4,0.401612,"Гипотеза peripheral: входов 1, выходов 0; вход 198450.00, выход 0.00 KZT; сильные правила не выполнены."
100000008190442100,terminal,1.0,22,0.253495,Гипотеза terminal: наблюдаемый выход/вход 0.000 ≤ 0.2; вход 13000.00 KZT; вне границы обхода.
100000008192264100,transit,0.845833,10,0.433389,"Гипотеза transit: входов 1, выходов 1; наблюдаемый выход/вход 1.154; вход 162810.00 KZT."
100000008193258100,peripheral,0.2,28,0.412098,"Гипотеза peripheral: входов 1, выходов 1; вход 75000.00, выход 30000.00 KZT; сильные правила не выполнены."
100000008193577100,distributor,0.625,9,0.394649,Гипотеза distributor: выход к 5 получателям при 2 плательщиках; выход 480180.00 KZT.
100000008200810100,terminal,1.0,24,0.346268,Гипотеза terminal: наблюдаемый выход/вход 0.000 ≤ 0.2; вход 475000.00 KZT; вне границы обхода.
100000008205000100,peripheral,0.2,87,0.0,"Гипотеза peripheral: входов 0, выходов 0; вход 0.00, выход 0.00 KZT; сильные правила не выполнены."
100000008205937100,terminal,1.0,12,0.39395,Гипотеза terminal: наблюдаемый выход/вход 0.000 ≤ 0.2; вход 35000.00 KZT; вне границы обхода.
100000008213966100,consolidator,0.65,15,0.470999,Гипотеза consolidator: вход от 3 плательщиков; 1 получателей; вход 187004.00 KZT.
100000008219168100,terminal,1.0,1,0.278371,Гипотеза terminal: наблюдаемый выход/вход 0.000 ≤ 0.2; вход 53200.00 KZT; вне границы обхода.
100000008221543100,terminal,1.0,28,0.44056,Гипотеза terminal: наблюдаемый выход/вход 0.000 ≤ 0.2; вход 542000.00 KZT; вне границы обхода.
100000008221765100,peripheral,0.2,10,0.397403,"Гипотеза peripheral: входов 1, выходов 0; вход 156354.00, выход 0.00 KZT; сильные правила не выполнены."
100000008223661100,distributor,0.625,4,0.497643,Гипотеза distributor: выход к 5 получателям при 2 плательщиках; выход 262580.00 KZT.
100000008223756100,terminal,1.0,8,0.43189,Гипотеза terminal: наблюдаемый выход/вход 0.000 ≤ 0.2; вход 331682.00 KZT; вне границы обхода.
100000008229700100,peripheral,0.2,7,0.289875,"Гипотеза peripheral: входов 1, выходов 1; вход 23500.00, выход 7200.00 KZT; сильные правила не выполнены."
100000008232832100,peripheral,0.2,51,0.461202,"Гипотеза peripheral: входов 1, выходов 1; вход 337000.00, выход 138000.00 KZT; сильные правила не выполнены."
100000008237827100,terminal,1.0,2,0.396308,Гипотеза terminal: наблюдаемый выход/вход 0.000 ≤ 0.2; вход 40001.00 KZT; вне границы обхода.
100000008238112100,terminal,1.0,10,0.400844,Гипотеза terminal: наблюдаемый выход/вход 0.000 ≤ 0.2; вход 190000.00 KZT; вне границы обхода.
100000008238989100,terminal,1.0,29,0.401749,Гипотеза terminal: наблюдаемый выход/вход 0.000 ≤ 0.2; вход 200000.00 KZT; вне границы обхода.
100000008244300100,consolidator,0.75,10,0.447989,Гипотеза consolidator: вход от 5 плательщиков; 0 получателей; вход 65430.00 KZT.
100000008251939100,peripheral,0.2,18,0.375163,"Гипотеза peripheral: входов 1, выходов 0; вход 44360.00, выход 0.00 KZT; сильные правила не выполнены."
100000008254069100,distributor,0.625,49,0.468576,Гипотеза distributor: выход к 5 получателям при 1 плательщиках; выход 107500.00 KZT.
100000008254576100,peripheral,0.2,38,0.404428,"Гипотеза peripheral: входов 1, выходов 1; вход 8000.00, выход 60000.00 KZT; сильные правила не выполнены."
100000008255655100,peripheral,0.2,28,0.337987,"Гипотеза peripheral: входов 1, выходов 0; вход 5400.00, выход 0.00 KZT; сильные правила не выполнены."
100000008258083100,peripheral,0.2,33,0.509255,"Гипотеза peripheral: входов 2, выходов 2; вход 3149500.00, выход 2045650.00 KZT; сильные правила не выполнены."
100000008258458100,peripheral,0.2,70,0.475491,"Гипотеза peripheral: входов 1, выходов 2; вход 19000.00, выход 1557988.00 KZT; сильные правила не выполнены."
100000008259451100,terminal,1.0,40,0.378958,Гипотеза terminal: наблюдаемый выход/вход 0.000 ≤ 0.2; вход 55000.00 KZT; вне границы обхода.
100000008279405100,terminal,1.0,8,0.404577,Гипотеза terminal: наблюдаемый выход/вход 0.000 ≤ 0.2; вход 234738.00 KZT; вне границы обхода.
100000008283183100,terminal,1.0,22,0.267659,Гипотеза terminal: наблюдаемый выход/вход 0.000 ≤ 0.2; вход 29000.00 KZT; вне границы обхода.
100000008289539100,terminal,1.0,3,0.355917,Гипотеза terminal: наблюдаемый выход/вход 0.000 ≤ 0.2; вход 14912.00 KZT; вне границы обхода.
100000008293431100,distributor,0.625,0,0.476508,Гипотеза distributor: выход к 5 получателям при 1 плательщиках; выход 297000.00 KZT.
100000008295429100,terminal,1.0,10,0.41173,Гипотеза terminal: наблюдаемый выход/вход 0.000 ≤ 0.2; вход 352000.00 KZT; вне границы обхода.
100000008297199100,terminal,1.0,0,0.37431,Гипотеза terminal: наблюдаемый выход/вход 0.000 ≤ 0.2; вход 42268.00 KZT; вне границы обхода.
100000008304115100,terminal,1.0,7,0.277625,Гипотеза terminal: наблюдаемый выход/вход 0.000 ≤ 0.2; вход 51000.00 KZT; вне границы обхода.
100000008304139100,coordinator,0.88,2,0.662433,"Гипотеза coordinator: связь с 7 seed по путям; входов 4, выходов 24; посредничество 0.00275."
100000008306857100,terminal,1.0,24,0.3227,Гипотеза terminal: наблюдаемый выход/вход 0.000 ≤ 0.2; вход 125000.00 KZT; вне границы обхода.
100000008308418100,peripheral,0.2,0,0.377276,"Гипотеза peripheral: входов 1, выходов 0; вход 50000.00, выход 0.00 KZT; сильные правила не выполнены."
100000008309514100,terminal,1.0,22,0.258437,Гипотеза terminal: наблюдаемый выход/вход 0.000 ≤ 0.2; вход 17200.00 KZT; вне границы обхода.
100000008314203100,peripheral,0.2,51,0.488122,"Гипотеза peripheral: входов 2, выходов 2; вход 382076.00, выход 327000.00 KZT; сильные правила не выполнены."
100000008314863100,terminal,1.0,2,0.375053,Гипотеза terminal: наблюдаемый выход/вход 0.000 ≤ 0.2; вход 12000.00 KZT; вне границы обхода.
100000008321975100,peripheral,0.2,32,0.33955,"Гипотеза peripheral: входов 1, выходов 0; вход 5900.00, выход 0.00 KZT; сильные правила не выполнены."
100000008324800100,consolidator,0.65,85,0.479258,Гипотеза consolidator: вход от 3 плательщиков; 1 получателей; вход 526500.00 KZT.
100000008327791100,peripheral,0.2,28,0.350546,"Гипотеза peripheral: входов 1, выходов 0; вход 11000.00, выход 0.00 KZT; сильные правила не выполнены."
100000008331280100,peripheral,0.2,14,0.373772,"Гипотеза peripheral: входов 1, выходов 0; вход 41000.00, выход 0.00 KZT; сильные правила не выполнены."
100000008332511100,terminal,1.0,24,0.405609,Гипотеза terminal: наблюдаемый выход/вход 0.000 ≤ 0.2; вход 100000.00 KZT; вне границы обхода.
100000008333492100,peripheral,0.2,60,0.419237,"Гипотеза peripheral: входов 1, выходов 0; вход 216400.00, выход 0.00 KZT; сильные правила не выполнены."
100000008335401100,terminal,1.0,18,0.412767,Гипотеза terminal: наблюдаемый выход/вход 0.000 ≤ 0.2; вход 150000.00 KZT; вне границы обхода.
100000008336318100,peripheral,0.2,4,0.407377,"Гипотеза peripheral: входов 1, выходов 0; вход 170000.00, выход 0.00 KZT; сильные правила не выполнены."
100000008337304100,peripheral,0.2,8,0.390452,"Гипотеза peripheral: входов 1, выходов 0; вход 105465.00, выход 0.00 KZT; сильные правила не выполнены."
100000008343415100,peripheral,0.2,35,0.389512,"Гипотеза peripheral: входов 1, выходов 0; вход 100000.00, выход 0.00 KZT; сильные правила не выполнены."
100000008343874100,peripheral,0.2,35,0.46541,"Гипотеза peripheral: входов 2, выходов 2; вход 283535.00, выход 176400.00 KZT; сильные правила не выполнены."
100000008346837100,coordinator,0.88,12,0.837198,"Гипотеза coordinator: связь с 7 seed по путям; входов 9, выходов 25; посредничество 0.00847."
100000008349675100,peripheral,0.2,1,0.307469,"Гипотеза peripheral: входов 1, выходов 1; вход 46520.00, выход 36650.00 KZT; сильные правила не выполнены."
100000008349740100,peripheral,0.2,20,0.383216,"Гипотеза peripheral: входов 1, выходов 0; вход 70000.00, выход 0.00 KZT; сильные правила не выполнены."
100000008352542100,terminal,1.0,2,0.400325,Гипотеза terminal: наблюдаемый выход/вход 0.000 ≤ 0.2; вход 50220.00 KZT; вне границы обхода.
100000008356606100,terminal,1.0,12,0.419934,Гипотеза terminal: наблюдаемый выход/вход 0.000 ≤ 0.2; вход 168500.00 KZT; вне границы обхода.
100000008376089100,terminal,1.0,33,0.394811,Гипотеза terminal: наблюдаемый выход/вход 0.000 ≤ 0.2; вход 135000.00 KZT; вне границы обхода.
100000008376785100,peripheral,0.2,10,0.40454,"Гипотеза peripheral: входов 1, выходов 0; вход 234250.00, выход 0.00 KZT; сильные правила не выполнены."
100000008379273100,transit,0.944444,18,0.51572,"Гипотеза transit: входов 2, выходов 4; наблюдаемый выход/вход 1.056; вход 36000.00 KZT."
100000008383405100,terminal,1.0,21,0.265039,Гипотеза terminal: наблюдаемый выход/вход 0.000 ≤ 0.2; вход 25000.00 KZT; вне границы обхода.
100000008388049100,terminal,1.0,24,0.347046,Гипотеза terminal: наблюдаемый выход/вход 0.000 ≤ 0.2; вход 496400.00 KZT; вне границы обхода.
100000008389800100,coordinator,0.88,16,0.513638,"Гипотеза coordinator: связь с 7 seed по путям; входов 3, выходов 7; посредничество 0.00012."
100000008405209100,terminal,1.0,28,0.378765,Гипотеза terminal: наблюдаемый выход/вход 0.000 ≤ 0.2; вход 54400.00 KZT; вне границы обхода.
100000008406609100,terminal,1.0,49,0.378963,Гипотеза terminal: наблюдаемый выход/вход 0.000 ≤ 0.2; вход 34000.00 KZT; вне границы обхода.
100000008413748100,distributor,0.95,28,0.564235,Гипотеза distributor: выход к 18 получателям при 2 плательщиках; выход 1377320.22 KZT.
100000008416433100,terminal,1.0,40,0.3611,Гипотеза terminal: наблюдаемый выход/вход 0.000 ≤ 0.2; вход 20000.00 KZT; вне границы обхода.
100000008417029100,terminal,1.0,4,0.405609,Гипотеза terminal: наблюдаемый выход/вход 0.000 ≤ 0.2; вход 100000.00 KZT; вне границы обхода.
100000008417359100,peripheral,0.2,28,0.433114,"Гипотеза peripheral: входов 1, выходов 2; вход 40810.00, выход 110760.00 KZT; сильные правила не выполнены."
100000008418835100,peripheral,0.2,3,0.395462,"Гипотеза peripheral: входов 1, выходов 4; вход 1372000.00, выход 186179.00 KZT; сильные правила не выполнены."
100000008418934100,terminal,1.0,4,0.312126,Гипотеза terminal: наблюдаемый выход/вход 0.000 ≤ 0.2; вход 360000.00 KZT; вне границы обхода.
100000008422226100,terminal,1.0,0,0.387145,Гипотеза terminal: наблюдаемый выход/вход 0.000 ≤ 0.2; вход 87450.00 KZT; вне границы обхода.
100000008427027100,terminal,1.0,2,0.431879,Гипотеза terminal: наблюдаемый выход/вход 0.000 ≤ 0.2; вход 300000.00 KZT; вне границы обхода.
100000008430691100,peripheral,0.2,84,0.458635,"Гипотеза peripheral: входов 1, выходов 2; вход 20000.00, выход 604900.00 KZT; сильные правила не выполнены."
100000008432942100,terminal,1.0,0,0.375235,Гипотеза terminal: наблюдаемый выход/вход 0.000 ≤ 0.2; вход 44542.00 KZT; вне границы обхода.
100000008436257100,terminal,1.0,28,0.392189,Гипотеза terminal: наблюдаемый выход/вход 0.000 ≤ 0.2; вход 35000.00 KZT; вне границы обхода.
100000008438656100,terminal,0.84375,2,0.446388,Гипотеза terminal: наблюдаемый выход/вход 0.062 ≤ 0.2; вход 80000.00 KZT; вне границы обхода.
100000008443341100,peripheral,0.2,7,0.445085,"Гипотеза peripheral: входов 2, выходов 3; вход 34500.00, выход 50000.00 KZT; сильные правила не выполнены."
100000008454065100,terminal,1.0,40,0.364355,Гипотеза terminal: наблюдаемый выход/вход 0.000 ≤ 0.2; вход 24050.00 KZT; вне границы обхода.
100000008459449100,terminal,1.0,0,0.378536,Гипотеза terminal: наблюдаемый выход/вход 0.000 ≤ 0.2; вход 53700.00 KZT; вне границы обхода.
100000008460102100,distributor,1.0,47,0.628807,Гипотеза distributor: выход к 31 получателям при 1 плательщиках; выход 476570.00 KZT.
100000008461217100,peripheral,0.2,48,0.382211,"Гипотеза peripheral: входов 1, выходов 0; вход 18000.00, выход 0.00 KZT; сильные правила не выполнены."
100000008461532100,distributor,0.7,14,0.546478,Гипотеза distributor: выход к 8 получателям при 2 плательщиках; выход 2530090.00 KZT.
100000008463968100,terminal,1.0,22,0.248863,Гипотеза terminal: наблюдаемый выход/вход 0.000 ≤ 0.2; вход 10000.00 KZT; вне границы обхода.
100000008465789100,distributor,0.9,4,0.580717,Гипотеза distributor: выход к 16 получателям при 1 плательщиках; выход 1858100.00 KZT.
100000008466579100,distributor,0.925,4,0.579924,Гипотеза distributor: выход к 17 получателям при 2 плательщиках; выход 1933000.00 KZT.
100000008468762100,terminal,1.0,46,0.428587,Гипотеза terminal: наблюдаемый выход/вход 0.000 ≤ 0.2; вход 170000.00 KZT; вне границы обхода.
100000008469048100,peripheral,0.2,0,0.406731,"Гипотеза peripheral: входов 1, выходов 0; вход 265200.00, выход 0.00 KZT; сильные правила не выполнены."
100000008470470100,terminal,1.0,22,0.27023,Гипотеза terminal: наблюдаемый выход/вход 0.000 ≤ 0.2; вход 33547.00 KZT; вне границы обхода.
100000008471634100,peripheral,0.2,13,0.3611,"Гипотеза peripheral: входов 1, выходов 0; вход 20000.00, выход 0.00 KZT; сильные правила не выполнены."
100000008472324100,terminal,1.0,10,0.402203,Гипотеза terminal: наблюдаемый выход/вход 0.000 ≤ 0.2; вход 205200.00 KZT; вне границы обхода.
100000008473207100,terminal,1.0,2,0.431173,Гипотеза terminal: наблюдаемый выход/вход 0.000 ≤ 0.2; вход 202000.00 KZT; вне границы обхода.
100000008473765100,terminal,1.0,8,0.368258,Гипотеза terminal: наблюдаемый выход/вход 0.000 ≤ 0.2; вход 30000.00 KZT; вне границы обхода.
100000008474308100,peripheral,0.2,7,0.385528,"Гипотеза peripheral: входов 1, выходов 1; вход 14000.00, выход 10000.00 KZT; сильные правила не выполнены."
100000008474391100,terminal,1.0,29,0.3611,Гипотеза terminal: наблюдаемый выход/вход 0.000 ≤ 0.2; вход 20000.00 KZT; вне границы обхода.
100000008477350100,coordinator,0.88,0,0.703029,"Гипотеза coordinator: связь с 7 seed по путям; входов 11, выходов 39; посредничество 0.00268."
100000008478414100,terminal,1.0,22,0.248863,Гипотеза terminal: наблюдаемый выход/вход 0.000 ≤ 0.2; вход 10000.00 KZT; вне границы обхода.
100000008486520100,peripheral,0.2,16,0.3989,"Гипотеза peripheral: входов 1, выходов 1; вход 35720.00, выход 14000.00 KZT; сильные правила не выполнены."
100000008488166100,terminal,1.0,22,0.238629,Гипотеза terminal: наблюдаемый выход/вход 0.000 ≤ 0.2; вход 5600.00 KZT; вне границы обхода.
100000008489604100,terminal,1.0,22,0.250546,Гипотеза terminal: наблюдаемый выход/вход 0.000 ≤ 0.2; вход 11000.00 KZT; вне границы обхода.
100000008489922100,coordinator,0.92,4,0.635898,"Гипотеза coordinator: связь с 8 seed по путям; входов 3, выходов 36; посредничество 0.00054."
100000008490127100,distributor,0.65,10,0.511123,Гипотеза distributor: выход к 6 получателям при 1 плательщиках; выход 923000.00 KZT.
100000008491390100,terminal,1.0,0,0.371476,Гипотеза terminal: наблюдаемый выход/вход 0.000 ≤ 0.2; вход 36000.00 KZT; вне границы обхода.
100000008493007100,transit,1.0,22,0.29928,"Гипотеза transit: входов 1, выходов 1; наблюдаемый выход/вход 1.000; вход 26150.00 KZT."
100000008497298100,terminal,1.0,4,0.321145,Гипотеза terminal: наблюдаемый выход/вход 0.000 ≤ 0.2; вход 600000.00 KZT; вне границы обхода.
100000008501413100,transit,0.98,53,0.379362,"Гипотеза transit: входов 1, выходов 1; наблюдаемый выход/вход 1.020; вход 5000.00 KZT."
100000008502995100,terminal,1.0,0,0.365039,Гипотеза terminal: наблюдаемый выход/вход 0.000 ≤ 0.2; вход 25000.00 KZT; вне границы обхода.
100000008503177100,terminal,1.0,8,0.370442,Гипотеза terminal: наблюдаемый выход/вход 0.000 ≤ 0.2; вход 33951.00 KZT; вне границы обхода.
100000008507703100,terminal,1.0,22,0.267352,Гипотеза terminal: наблюдаемый выход/вход 0.000 ≤ 0.2; вход 28500.00 KZT; вне границы обхода.
100000008512552100,coordinator,0.88,28,0.531217,"Гипотеза coordinator: связь с 7 seed по путям; входов 4, выходов 6; посредничество 0.00009."
100000008512827100,coordinator,0.96,24,0.564633,"Гипотеза coordinator: связь с 9 seed по путям; входов 3, выходов 10; посредничество 0.00013."
100000008513251100,peripheral,0.2,88,0.0,"Гипотеза peripheral: входов 0, выходов 0; вход 0.00, выход 0.00 KZT; сильные правила не выполнены."
100000008514970100,terminal,0.796034,35,0.335777,Гипотеза terminal: наблюдаемый выход/вход 0.082 ≤ 0.2; вход 379966.00 KZT; вне границы обхода.
100000008516839100,consolidator,0.65,49,0.45648,Гипотеза consolidator: вход от 3 плательщиков; 0 получателей; вход 155000.00 KZT.
100000008517061100,peripheral,0.2,40,0.440966,"Гипотеза peripheral: входов 1, выходов 0; вход 1844000.00, выход 0.00 KZT; сильные правила не выполнены."
100000008517538100,coordinator,0.92,4,0.575022,"Гипотеза coordinator: связь с 8 seed по путям; входов 3, выходов 17; посредничество 0.00017."
100000008522127100,peripheral,0.2,59,0.246072,"Гипотеза peripheral: входов 0, выходов 1; вход 0.00, выход 145000.00 KZT; сильные правила не выполнены."
100000008524903100,peripheral,0.2,0,0.356021,"Гипотеза peripheral: входов 1, выходов 0; вход 15000.00, выход 0.00 KZT; сильные правила не выполнены."
100000008525136100,peripheral,0.2,0,0.354929,"Гипотеза peripheral: входов 1, выходов 0; вход 14100.00, выход 0.00 KZT; сильные правила не выполнены."
100000008531133100,peripheral,0.2,16,0.448721,"Гипотеза peripheral: входов 1, выходов 3; вход 25000.00, выход 158271.68 KZT; сильные правила не выполнены."
100000008531186100,terminal,1.0,2,0.409548,Гипотеза terminal: наблюдаемый выход/вход 0.000 ≤ 0.2; вход 125000.00 KZT; вне границы обхода.
100000008532050100,terminal,1.0,10,0.416267,Гипотеза terminal: наблюдаемый выход/вход 0.000 ≤ 0.2; вход 455156.00 KZT; вне границы обхода.
100000008536546100,terminal,1.0,46,0.435395,Гипотеза terminal: наблюдаемый выход/вход 0.000 ≤ 0.2; вход 250000.00 KZT; вне границы обхода.
100000008537380100,terminal,1.0,22,0.244924,Гипотеза terminal: наблюдаемый выход/вход 0.000 ≤ 0.2; вход 8000.00 KZT; вне границы обхода.
100000008545727100,distributor,0.65,18,0.533158,Гипотеза distributor: выход к 6 получателям при 1 плательщиках; выход 1866500.00 KZT.
100000008546855100,coordinator,0.88,43,0.466184,"Гипотеза coordinator: связь с 7 seed по путям; входов 6, выходов 2; посредничество 0.00005."
100000008547295100,terminal,1.0,41,0.256021,Гипотеза terminal: наблюдаемый выход/вход 0.000 ≤ 0.2; вход 15000.00 KZT; вне границы обхода.
100000008547844100,coordinator,0.92,4,0.617771,"Гипотеза coordinator: связь с 8 seed по путям; входов 3, выходов 19; посредничество 0.00126."
100000008547948100,coordinator,0.92,4,0.635605,"Гипотеза coordinator: связь с 8 seed по путям; входов 6, выходов 26; посредничество 0.00070."
100000008548853100,terminal,1.0,22,0.254803,Гипотеза terminal: наблюдаемый выход/вход 0.000 ≤ 0.2; вход 14000.00 KZT; вне границы обхода.
100000008551752100,peripheral,0.2,65,0.414249,"Гипотеза peripheral: входов 1, выходов 0; вход 406000.00, выход 0.00 KZT; сильные правила не выполнены."
100000008554390100,peripheral,0.2,47,0.254803,"Гипотеза peripheral: входов 1, выходов 0; вход 14000.00, выход 0.00 KZT; сильные правила не выполнены."
100000008555233100,terminal,1.0,46,0.43179,Гипотеза terminal: наблюдаемый выход/вход 0.000 ≤ 0.2; вход 440600.00 KZT; вне границы обхода.
100000008555918100,peripheral,0.2,2,0.460392,"Гипотеза peripheral: входов 1, выходов 2; вход 139211.00, выход 43300.00 KZT; сильные правила не выполнены."
100000008556318100,terminal,1.0,2,0.444084,Гипотеза terminal: наблюдаемый выход/вход 0.000 ≤ 0.2; вход 180132.00 KZT; вне границы обхода.
100000008557672100,terminal,1.0,22,0.276964,Гипотеза terminal: наблюдаемый выход/вход 0.000 ≤ 0.2; вход 49125.00 KZT; вне границы обхода.
100000008560263100,peripheral,0.2,10,0.389512,"Гипотеза peripheral: входов 1, выходов 0; вход 100000.00, выход 0.00 KZT; сильные правила не выполнены."
100000008560717100,consolidator,0.85,10,0.49893,Гипотеза consolidator: вход от 7 плательщиков; 1 получателей; вход 529000.00 KZT.
100000008561016100,transit,0.972222,4,0.45019,"Гипотеза transit: входов 1, выходов 1; наблюдаемый выход/вход 1.028; вход 180000.00 KZT."
100000008566737100,terminal,1.0,0,0.448399,Гипотеза terminal: наблюдаемый выход/вход 0.000 ≤ 0.2; вход 230000.00 KZT; вне границы обхода.
100000008568512100,terminal,1.0,10,0.401718,Гипотеза terminal: наблюдаемый выход/вход 0.000 ≤ 0.2; вход 199640.00 KZT; вне границы обхода.
100000008571243100,terminal,1.0,18,0.410776,Гипотеза terminal: наблюдаемый выход/вход 0.000 ≤ 0.2; вход 134000.00 KZT; вне границы обхода.
100000008571433100,peripheral,0.2,58,0.338314,"Гипотеза peripheral: входов 2, выходов 2; вход 350000.00, выход 1434000.00 KZT; сильные правила не выполнены."
100000008571443100,terminal,1.0,12,0.403118,Гипотеза terminal: наблюдаемый выход/вход 0.000 ≤ 0.2; вход 65000.00 KZT; вне границы обхода.
100000008575624100,peripheral,0.2,71,0.273813,"Гипотеза peripheral: входов 0, выходов 3; вход 0.00, выход 89500.00 KZT; сильные правила не выполнены."
100000008576243100,terminal,1.0,0,0.415912,Гипотеза terminal: наблюдаемый выход/вход 0.000 ≤ 0.2; вход 82920.00 KZT; вне границы обхода.
100000008576528100,terminal,1.0,10,0.36704,Гипотеза terminal: наблюдаемый выход/вход 0.000 ≤ 0.2; вход 28000.00 KZT; вне границы обхода.
100000008579978100,peripheral,0.2,10,0.413079,"Гипотеза peripheral: входов 1, выходов 1; вход 34000.00, выход 77000.00 KZT; сильные правила не выполнены."
100000008582730100,transit,1.0,43,0.370074,"Гипотеза transit: входов 1, выходов 1; наблюдаемый выход/вход 1.000; вход 5000.00 KZT."
100000008583360100,peripheral,0.2,18,0.429592,"Гипотеза peripheral: входов 1, выходов 1; вход 112843.00, выход 170000.00 KZT; сильные правила не выполнены."
100000008583971100,peripheral,0.2,0,0.398835,"Гипотеза peripheral: входов 2, выходов 0; вход 51000.00, выход 0.00 KZT; сильные правила не выполнены."
100000008586731100,terminal,1.0,7,0.252082,Гипотеза terminal: наблюдаемый выход/вход 0.000 ≤ 0.2; вход 12000.00 KZT; вне границы обхода.
100000008587459100,peripheral,0.2,0,0.477034,"Гипотеза peripheral: входов 2, выходов 2; вход 181507.00, выход 686500.00 KZT; сильные правила не выполнены."
100000008588665100,peripheral,0.2,0,0.365039,"Гипотеза peripheral: входов 1, выходов 0; вход 25000.00, выход 0.00 KZT; сильные правила не выполнены."
100000008595687100,terminal,0.596242,16,0.405596,Гипотеза terminal: наблюдаемый выход/вход 0.162 ≤ 0.2; вход 64395.00 KZT; вне границы обхода.
100000008596924100,terminal,1.0,41,0.289512,Гипотеза terminal: наблюдаемый выход/вход 0.000 ≤ 0.2; вход 100000.00 KZT; вне границы обхода.
100000008598972100,terminal,1.0,35,0.292731,Гипотеза terminal: наблюдаемый выход/вход 0.000 ≤ 0.2; вход 120000.00 KZT; вне границы обхода.
100000008599354100,peripheral,0.2,0,0.424458,"Гипотеза peripheral: входов 1, выходов 1; вход 177000.00, выход 38200.00 KZT; сильные правила не выполнены."
100000008601794100,peripheral,0.2,39,0.321926,"Гипотеза peripheral: входов 2, выходов 1; вход 494400.00, выход 871400.00 KZT; сильные правила не выполнены."
100000008603331100,distributor,0.65,4,0.509672,Гипотеза distributor: выход к 6 получателям при 2 плательщиках; выход 741774.00 KZT.
100000008603629100,coordinator,0.88,8,0.762143,"Гипотеза coordinator: связь с 7 seed по путям; входов 19, выходов 61; посредничество 0.00354."
100000008612257100,terminal,1.0,28,0.347958,Гипотеза terminal: наблюдаемый выход/вход 0.000 ≤ 0.2; вход 9500.00 KZT; вне границы обхода.
100000008619159100,peripheral,0.2,70,0.415924,"Гипотеза peripheral: входов 1, выходов 0; вход 446400.00, выход 0.00 KZT; сильные правила не выполнены."
100000008619857100,peripheral,0.2,0,0.41057,"Гипотеза peripheral: входов 1, выходов 2; вход 29000.00, выход 13000.00 KZT; сильные правила не выполнены."
100000008620570100,peripheral,0.2,8,0.448463,"Гипотеза peripheral: входов 2, выходов 2; вход 145000.00, выход 31800.00 KZT; сильные правила не выполнены."
100000008624978100,terminal,1.0,35,0.39953,Гипотеза terminal: наблюдаемый выход/вход 0.000 ≤ 0.2; вход 109000.00 KZT; вне границы обхода.
100000008625905100,peripheral,0.2,45,0.464425,"Гипотеза peripheral: входов 1, выходов 2; вход 197800.00, выход 635000.00 KZT; сильные правила не выполнены."
100000008628231100,peripheral,0.2,74,0.483557,"Гипотеза peripheral: входов 1, выходов 2; вход 50000.00, выход 627870.00 KZT; сильные правила не выполнены."
100000008628818100,peripheral,0.2,18,0.375922,"Гипотеза peripheral: входов 1, выходов 0; вход 46310.00, выход 0.00 KZT; сильные правила не выполнены."
100000008629504100,peripheral,0.2,0,0.3611,"Гипотеза peripheral: входов 1, выходов 0; вход 20000.00, выход 0.00 KZT; сильные правила не выполнены."
100000008629581100,terminal,1.0,2,0.387191,Гипотеза terminal: наблюдаемый выход/вход 0.000 ≤ 0.2; вход 54184.00 KZT; вне границы обхода.
100000008631800100,peripheral,0.2,47,0.25329,"Гипотеза peripheral: входов 1, выходов 0; вход 12850.00, выход 0.00 KZT; сильные правила не выполнены."
100000008632060100,distributor,0.725,0,0.501884,Гипотеза distributor: выход к 9 получателям при 1 плательщиках; выход 339200.00 KZT.
100000008633099100,peripheral,0.2,1,0.391647,"Гипотеза peripheral: входов 1, выходов 1; вход 19468.00, выход 13500.00 KZT; сильные правила не выполнены."
100000008634520100,terminal,1.0,4,0.396149,Гипотеза terminal: наблюдаемый выход/вход 0.000 ≤ 0.2; вход 90000.00 KZT; вне границы обхода.
100000008636603100,distributor,0.65,16,0.5636,Гипотеза distributor: выход к 6 получателям при 2 плательщиках; выход 159375.00 KZT.
100000008637537100,coordinator,0.96,51,0.533104,"Гипотеза coordinator: связь с 9 seed по путям; входов 3, выходов 3; посредничество 0.00007."
100000008638859100,peripheral,0.2,43,0.386564,"Гипотеза peripheral: входов 1, выходов 0; вход 34000.00, выход 0.00 KZT; сильные правила не выполнены."
100000008647905100,peripheral,0.2,43,0.451016,"Гипотеза peripheral: входов 1, выходов 2; вход 50000.00, выход 344222.00 KZT; сильные правила не выполнены."
100000008648783100,peripheral,0.2,47,0.23732,"Гипотеза peripheral: входов 1, выходов 0; вход 5200.00, выход 0.00 KZT; сильные правила не выполнены."
100000008649416100,peripheral,0.2,28,0.336628,"Гипотеза peripheral: входов 1, выходов 0; вход 5000.00, выход 0.00 KZT; сильные правила не выполнены."
100000008650785100,peripheral,0.2,16,0.459867,"Гипотеза peripheral: входов 2, выходов 2; вход 92000.00, выход 120120.00 KZT; сильные правила не выполнены."
100000008652094100,terminal,1.0,0,0.370979,Гипотеза terminal: наблюдаемый выход/вход 0.000 ≤ 0.2; вход 35000.00 KZT; вне границы обхода.
100000008653041100,terminal,1.0,22,0.26704,Гипотеза terminal: наблюдаемый выход/вход 0.000 ≤ 0.2; вход 28000.00 KZT; вне границы обхода.
100000008654653100,peripheral,0.2,16,0.228634,"Гипотеза peripheral: входов 0, выходов 1; вход 0.00, выход 54000.00 KZT; сильные правила не выполнены."
100000008655035100,terminal,1.0,1,0.297506,Гипотеза terminal: наблюдаемый выход/вход 0.000 ≤ 0.2; вход 30000.00 KZT; вне границы обхода.
100000008655779100,peripheral,0.2,15,0.421717,"Гипотеза peripheral: входов 1, выходов 2; вход 47000.00, выход 24704.00 KZT; сильные правила не выполнены."
100000008656043100,terminal,1.0,22,0.265867,Гипотеза terminal: наблюдаемый выход/вход 0.000 ≤ 0.2; вход 26200.00 KZT; вне границы обхода.
100000008659445100,peripheral,0.2,9,0.35292,"Гипотеза peripheral: входов 3, выходов 4; вход 138490.00, выход 875150.00 KZT; сильные правила не выполнены."
100000008659950100,terminal,1.0,4,0.4139,Гипотеза terminal: наблюдаемый выход/вход 0.000 ≤ 0.2; вход 246000.00 KZT; вне границы обхода.
100000008661550100,terminal,1.0,22,0.263413,Гипотеза terminal: наблюдаемый выход/вход 0.000 ≤ 0.2; вход 22800.00 KZT; вне границы обхода.
100000008661585100,terminal,1.0,22,0.274671,Гипотеза terminal: наблюдаемый выход/вход 0.000 ≤ 0.2; вход 43141.00 KZT; вне границы обхода.
100000008662216100,terminal,1.0,22,0.265867,Гипотеза terminal: наблюдаемый выход/вход 0.000 ≤ 0.2; вход 26200.00 KZT; вне границы обхода.
100000008662805100,terminal,1.0,22,0.257704,Гипотеза terminal: наблюдаемый выход/вход 0.000 ≤ 0.2; вход 16500.00 KZT; вне границы обхода.
100000008663007100,terminal,1.0,22,0.254803,Гипотеза terminal: наблюдаемый выход/вход 0.000 ≤ 0.2; вход 14000.00 KZT; вне границы обхода.
100000008663723100,terminal,1.0,22,0.256713,Гипотеза terminal: наблюдаемый выход/вход 0.000 ≤ 0.2; вход 15600.00 KZT; вне границы обхода.
100000008664469100,terminal,1.0,2,0.38801,Гипотеза terminal: наблюдаемый выход/вход 0.000 ≤ 0.2; вход 25000.00 KZT; вне границы обхода.
100000008664774100,terminal,1.0,22,0.257488,Гипотеза terminal: наблюдаемый выход/вход 0.000 ≤ 0.2; вход 16300.00 KZT; вне границы обхода.
100000008665380100,peripheral,0.2,0,0.423887,"Гипотеза peripheral: входов 2, выходов 1; вход 69100.00, выход 18200.00 KZT; сильные правила не выполнены."
100000008666075100,terminal,1.0,22,0.265878,Гипотеза terminal: наблюдаемый выход/вход 0.000 ≤ 0.2; вход 26217.00 KZT; вне границы обхода.
100000008667058100,terminal,1.0,22,0.258777,Гипотеза terminal: наблюдаемый выход/вход 0.000 ≤ 0.2; вход 17534.00 KZT; вне границы обхода.
100000008667795100,terminal,1.0,22,0.270467,Гипотеза terminal: наблюдаемый выход/вход 0.000 ≤ 0.2; вход 34000.00 KZT; вне границы обхода.
100000008667799100,terminal,1.0,22,0.270467,Гипотеза terminal: наблюдаемый выход/вход 0.000 ≤ 0.2; вход 34000.00 KZT; вне границы обхода.
100000008668099100,terminal,1.0,22,0.256826,Гипотеза terminal: наблюдаемый выход/вход 0.000 ≤ 0.2; вход 15700.00 KZT; вне границы обхода.
100000008669037100,peripheral,0.2,89,0.0,"Гипотеза peripheral: входов 0, выходов 0; вход 0.00, выход 0.00 KZT; сильные правила не выполнены."
100000008669310100,terminal,1.0,0,0.380366,Гипотеза terminal: наблюдаемый выход/вход 0.000 ≤ 0.2; вход 59567.00 KZT; вне границы обхода.
100000008670667100,terminal,1.0,22,0.256639,Гипотеза terminal: наблюдаемый выход/вход 0.000 ≤ 0.2; вход 15534.00 KZT; вне границы обхода.
100000008671026100,terminal,1.0,22,0.263972,Гипотеза terminal: наблюдаемый выход/вход 0.000 ≤ 0.2; вход 23534.00 KZT; вне границы обхода.
100000008671081100,terminal,1.0,22,0.272055,Гипотеза terminal: наблюдаемый выход/вход 0.000 ≤ 0.2; вход 37200.00 KZT; вне границы обхода.
100000008671129100,terminal,1.0,22,0.265867,Гипотеза terminal: наблюдаемый выход/вход 0.000 ≤ 0.2; вход 26200.00 KZT; вне границы обхода.
100000008671929100,terminal,1.0,2,0.407405,Гипотеза terminal: наблюдаемый выход/вход 0.000 ≤ 0.2; вход 75000.00 KZT; вне границы обхода.
100000008672162100,terminal,1.0,22,0.256657,Гипотеза terminal: наблюдаемый выход/вход 0.000 ≤ 0.2; вход 15550.00 KZT; вне границы обхода.
100000008672200100,terminal,1.0,22,0.246017,Гипотеза terminal: наблюдаемый выход/вход 0.000 ≤ 0.2; вход 8511.00 KZT; вне границы обхода.
100000008672480100,terminal,1.0,22,0.253495,Гипотеза terminal: наблюдаемый выход/вход 0.000 ≤ 0.2; вход 13000.00 KZT; вне границы обхода.
100000008672493100,terminal,1.0,22,0.254803,Гипотеза terminal: наблюдаемый выход/вход 0.000 ≤ 0.2; вход 14000.00 KZT; вне границы обхода.
100000008672603100,terminal,1.0,2,0.370625,Гипотеза terminal: наблюдаемый выход/вход 0.000 ≤ 0.2; вход 21200.00 KZT; вне границы обхода.
100000008672762100,terminal,1.0,22,0.253495,Гипотеза terminal: наблюдаемый выход/вход 0.000 ≤ 0.2; вход 13000.00 KZT; вне границы обхода.
100000008673001100,peripheral,0.2,49,0.285573,"Гипотеза peripheral: входов 1, выходов 0; вход 80000.00, выход 0.00 KZT; сильные правила не выполнены."
100000008675322100,peripheral,0.2,20,0.411117,"Гипотеза peripheral: входов 1, выходов 0; вход 340000.00, выход 0.00 KZT; сильные правила не выполнены."
100000008676812100,terminal,1.0,43,0.404278,Гипотеза terminal: наблюдаемый выход/вход 0.000 ≤ 0.2; вход 230800.00 KZT; вне границы обхода.
100000008677215100,terminal,1.0,29,0.347004,Гипотеза terminal: наблюдаемый выход/вход 0.000 ≤ 0.2; вход 9000.00 KZT; вне границы обхода.
100000008677368100,peripheral,0.2,1,0.354161,"Гипотеза peripheral: входов 1, выходов 0; вход 13500.00, выход 0.00 KZT; сильные правила не выполнены."
100000008677518100,terminal,1.0,22,0.276811,Гипотеза terminal: наблюдаемый выход/вход 0.000 ≤ 0.2; вход 48700.00 KZT; вне границы обхода.
100000008679986100,terminal,1.0,22,0.260194,Гипотеза terminal: наблюдаемый выход/вход 0.000 ≤ 0.2; вход 19000.00 KZT; вне границы обхода.
100000008680061100,peripheral,0.2,10,0.373901,"Гипотеза peripheral: входов 1, выходов 0; вход 41300.00, выход 0.00 KZT; сильные правила не выполнены."
100000008680451100,terminal,1.0,22,0.263972,Гипотеза terminal: наблюдаемый выход/вход 0.000 ≤ 0.2; вход 23534.00 KZT; вне границы обхода.
100000008680731100,distributor,1.0,7,0.424948,Гипотеза distributor: выход к 27 получателям при 0 плательщиках; выход 1464354.00 KZT.
100000008680912100,terminal,0.668001,0,0.398871,Гипотеза terminal: наблюдаемый выход/вход 0.133 ≤ 0.2; вход 45112.00 KZT; вне границы обхода.
100000008682426100,terminal,1.0,40,0.3611,Гипотеза terminal: наблюдаемый выход/вход 0.000 ≤ 0.2; вход 20000.00 KZT; вне границы обхода.
100000008683818100,terminal,1.0,22,0.258641,Гипотеза terminal: наблюдаемый выход/вход 0.000 ≤ 0.2; вход 17400.00 KZT; вне границы обхода.
100000008684452100,terminal,1.0,22,0.2779,Гипотеза terminal: наблюдаемый выход/вход 0.000 ≤ 0.2; вход 51800.00 KZT; вне границы обхода.
100000008684767100,terminal,1.0,22,0.268893,Гипотеза terminal: наблюдаемый выход/вход 0.000 ≤ 0.2; вход 31100.00 KZT; вне границы обхода.
100000008684951100,terminal,1.0,22,0.258437,Гипотеза terminal: наблюдаемый выход/вход 0.000 ≤ 0.2; вход 17200.00 KZT; вне границы обхода.
100000008686214100,terminal,1.0,8,0.365039,Гипотеза terminal: наблюдаемый выход/вход 0.000 ≤ 0.2; вход 25000.00 KZT; вне границы обхода.
100000008686234100,terminal,1.0,0,0.373238,Гипотеза terminal: наблюдаемый выход/вход 0.000 ≤ 0.2; вход 39778.00 KZT; вне границы обхода.
100000008686247100,peripheral,0.2,21,0.287608,"Гипотеза peripheral: входов 1, выходов 1; вход 22000.00, выход 5000.00 KZT; сильные правила не выполнены."
100000008686313100,coordinator,0.88,0,0.554969,"Гипотеза coordinator: связь с 7 seed по путям; входов 6, выходов 7; посредничество 0.00030."
100000008686494100,terminal,1.0,22,0.256826,Гипотеза terminal: наблюдаемый выход/вход 0.000 ≤ 0.2; вход 15700.00 KZT; вне границы обхода.
100000008687492100,terminal,1.0,22,0.256021,Гипотеза terminal: наблюдаемый выход/вход 0.000 ≤ 0.2; вход 15000.00 KZT; вне границы обхода.
100000008687617100,terminal,1.0,22,0.274756,Гипотеза terminal: наблюдаемый выход/вход 0.000 ≤ 0.2; вход 43350.00 KZT; вне границы обхода.
100000008687671100,terminal,1.0,22,0.272197,Гипотеза terminal: наблюдаемый выход/вход 0.000 ≤ 0.2; вход 37500.00 KZT; вне границы обхода.
100000008687733100,terminal,1.0,22,0.255604,Гипотеза terminal: наблюдаемый выход/вход 0.000 ≤ 0.2; вход 14650.00 KZT; вне границы обхода.
100000008687990100,terminal,1.0,22,0.258843,Гипотеза terminal: наблюдаемый выход/вход 0.000 ≤ 0.2; вход 17600.00 KZT; вне границы обхода.
100000008688109100,terminal,1.0,22,0.253221,Гипотеза terminal: наблюдаемый выход/вход 0.000 ≤ 0.2; вход 12800.00 KZT; вне границы обхода.
100000008688155100,terminal,1.0,22,0.264022,Гипотеза terminal: наблюдаемый выход/вход 0.000 ≤ 0.2; вход 23600.00 KZT; вне границы обхода.
100000008688476100,terminal,1.0,22,0.264318,Гипотеза terminal: наблюдаемый выход/вход 0.000 ≤ 0.2; вход 24000.00 KZT; вне границы обхода.
100000008688881100,terminal,1.0,22,0.275103,Гипотеза terminal: наблюдаемый выход/вход 0.000 ≤ 0.2; вход 44211.00 KZT; вне границы обхода.
100000008690762100,terminal,1.0,22,0.266233,Гипотеза terminal: наблюдаемый выход/вход 0.000 ≤ 0.2; вход 26750.00 KZT; вне границы обхода.
100000008690932100,terminal,1.0,22,0.263567,Гипотеза terminal: наблюдаемый выход/вход 0.000 ≤ 0.2; вход 23000.00 KZT; вне границы обхода.
100000008691027100,terminal,1.0,22,0.258777,Гипотеза terminal: наблюдаемый выход/вход 0.000 ≤ 0.2; вход 17534.00 KZT; вне границы обхода.
100000008691168100,terminal,1.0,22,0.264318,Гипотеза terminal: наблюдаемый выход/вход 0.000 ≤ 0.2; вход 24000.00 KZT; вне границы обхода.
100000008691330100,terminal,1.0,22,0.262327,Гипотеза terminal: наблюдаемый выход/вход 0.000 ≤ 0.2; вход 21440.00 KZT; вне границы обхода.
100000008691495100,terminal,1.0,22,0.266398,Гипотеза terminal: наблюдаемый выход/вход 0.000 ≤ 0.2; вход 27000.00 KZT; вне границы обхода.
100000008692291100,coordinator,0.92,4,0.485395,"Гипотеза coordinator: связь с 8 seed по путям; входов 3, выходов 3; посредничество 0.00005."
100000008693069100,terminal,1.0,22,0.2611,Гипотеза terminal: наблюдаемый выход/вход 0.000 ≤ 0.2; вход 20000.00 KZT; вне границы обхода.
100000008695133100,terminal,1.0,22,0.271773,Гипотеза terminal: наблюдаемый выход/вход 0.000 ≤ 0.2; вход 36610.00 KZT; вне границы обхода.
100000008695157100,peripheral,0.2,8,0.415079,"Гипотеза peripheral: входов 1, выходов 0; вход 425546.00, выход 0.00 KZT; сильные правила не выполнены."
100000008695495100,terminal,1.0,22,0.261961,Гипотеза terminal: наблюдаемый выход/вход 0.000 ≤ 0.2; вход 21000.00 KZT; вне границы обхода.
100000008695566100,terminal,1.0,22,0.270311,Гипотеза terminal: наблюдаемый выход/вход 0.000 ≤ 0.2; вход 33700.00 KZT; вне границы обхода.
100000008695689100,terminal,1.0,22,0.265867,Гипотеза terminal: наблюдаемый выход/вход 0.000 ≤ 0.2; вход 26200.00 KZT; вне границы обхода.
100000008696692100,terminal,1.0,22,0.260194,Гипотеза terminal: наблюдаемый выход/вход 0.000 ≤ 0.2; вход 19000.00 KZT; вне границы обхода.
100000008696919100,terminal,1.0,22,0.269367,Гипотеза terminal: наблюдаемый выход/вход 0.000 ≤ 0.2; вход 31945.00 KZT; вне границы обхода.
100000008697670100,terminal,1.0,22,0.265284,Гипотеза terminal: наблюдаемый выход/вход 0.000 ≤ 0.2; вход 25350.00 KZT; вне границы обхода.
100000008699083100,peripheral,0.2,24,0.413354,"Гипотеза peripheral: входов 1, выходов 0; вход 238500.00, выход 0.00 KZT; сильные правила не выполнены."
100000008701222100,peripheral,0.2,90,0.0,"Гипотеза peripheral: входов 0, выходов 0; вход 0.00, выход 0.00 KZT; сильные правила не выполнены."
100000008701256100,terminal,1.0,0,0.379972,Гипотеза terminal: наблюдаемый выход/вход 0.000 ≤ 0.2; вход 58250.00 KZT; вне границы обхода.
100000008701944100,terminal,1.0,3,0.307258,Гипотеза terminal: наблюдаемый выход/вход 0.000 ≤ 0.2; вход 52124.00 KZT; вне границы обхода.
100000008703533100,peripheral,0.2,4,0.39293,"Гипотеза peripheral: входов 1, выходов 0; вход 75000.00, выход 0.00 KZT; сильные правила не выполнены."
100000008706846100,terminal,1.0,22,0.255054,Гипотеза terminal: наблюдаемый выход/вход 0.000 ≤ 0.2; вход 14200.00 KZT; вне границы обхода.
100000008706947100,terminal,1.0,22,0.258437,Гипотеза terminal: наблюдаемый выход/вход 0.000 ≤ 0.2; вход 17200.00 KZT; вне границы обхода.
100000008707810100,terminal,1.0,22,0.265867,Гипотеза terminal: наблюдаемый выход/вход 0.000 ≤ 0.2; вход 26200.00 KZT; вне границы обхода.
100000008708025100,terminal,1.0,15,0.348863,Гипотеза terminal: наблюдаемый выход/вход 0.000 ≤ 0.2; вход 10000.00 KZT; вне границы обхода.
100000008708061100,terminal,1.0,22,0.246303,Гипотеза terminal: наблюдаемый выход/вход 0.000 ≤ 0.2; вход 8650.00 KZT; вне границы обхода.
100000008708207100,terminal,1.0,4,0.453951,Гипотеза terminal: наблюдаемый выход/вход 0.000 ≤ 0.2; вход 465000.00 KZT; вне границы обхода.
100000008708368100,terminal,1.0,22,0.264079,Гипотеза terminal: наблюдаемый выход/вход 0.000 ≤ 0.2; вход 23677.00 KZT; вне границы обхода.
100000008708595100,terminal,1.0,22,0.258437,Гипотеза terminal: наблюдаемый выход/вход 0.000 ≤ 0.2; вход 17200.00 KZT; вне границы обхода.
100000008708743100,terminal,1.0,22,0.256657,Гипотеза terminal: наблюдаемый выход/вход 0.000 ≤ 0.2; вход 15550.00 KZT; вне границы обхода.
100000008710791100,coordinator,0.96,4,0.62027,"Гипотеза coordinator: связь с 9 seed по путям; входов 3, выходов 23; посредничество 0.00024."
100000008710843100,distributor,0.825,46,0.592758,Гипотеза distributor: выход к 13 получателям при 2 плательщиках; выход 1985500.00 KZT.
100000008710913100,peripheral,0.2,4,0.363299,"Гипотеза peripheral: входов 1, выходов 0; вход 14000.00, выход 0.00 KZT; сильные правила не выполнены."
100000008712036100,terminal,1.0,22,0.261961,Гипотеза terminal: наблюдаемый выход/вход 0.000 ≤ 0.2; вход 21000.00 KZT; вне границы обхода.
100000008712184100,terminal,1.0,22,0.25924,Гипотеза terminal: наблюдаемый выход/вход 0.000 ≤ 0.2; вход 18000.00 KZT; вне границы обхода.
100000008712827100,terminal,1.0,22,0.284668,Гипотеза terminal: наблюдаемый выход/вход 0.000 ≤ 0.2; вход 76000.00 KZT; вне границы обхода.
100000008712991100,terminal,1.0,22,0.282204,Гипотеза terminal: наблюдаемый выход/вход 0.000 ≤ 0.2; вход 66100.00 KZT; вне границы обхода.
100000008713270100,peripheral,0.2,41,0.351672,"Гипотеза peripheral: входов 1, выходов 3; вход 30000.00, выход 190000.00 KZT; сильные правила не выполнены."
100000008713685100,terminal,1.0,22,0.277169,Гипотеза terminal: наблюдаемый выход/вход 0.000 ≤ 0.2; вход 49700.00 KZT; вне границы обхода.
100000008714412100,terminal,1.0,18,0.414873,Гипотеза terminal: наблюдаемый выход/вход 0.000 ≤ 0.2; вход 169000.00 KZT; вне границы обхода.
100000008715513100,peripheral,0.2,47,0.269671,"Гипотеза peripheral: входов 1, выходов 0; вход 32500.00, выход 0.00 KZT; сильные правила не выполнены."
100000008715887100,terminal,1.0,22,0.25924,Гипотеза terminal: наблюдаемый выход/вход 0.000 ≤ 0.2; вход 18000.00 KZT; вне границы обхода.
100000008716072100,terminal,1.0,22,0.252228,Гипотеза terminal: наблюдаемый выход/вход 0.000 ≤ 0.2; вход 12100.00 KZT; вне границы обхода.
100000008716222100,terminal,1.0,22,0.25924,Гипотеза terminal: наблюдаемый выход/вход 0.000 ≤ 0.2; вход 18000.00 KZT; вне границы обхода.
100000008716439100,terminal,1.0,22,0.25247,Гипотеза terminal: наблюдаемый выход/вход 0.000 ≤ 0.2; вход 12267.00 KZT; вне границы обхода.
100000008716773100,terminal,1.0,22,0.2568,Гипотеза terminal: наблюдаемый выход/вход 0.000 ≤ 0.2; вход 15677.00 KZT; вне границы обхода.
100000008717340100,terminal,1.0,22,0.273986,Гипотеза terminal: наблюдаемый выход/вход 0.000 ≤ 0.2; вход 41500.00 KZT; вне границы обхода.
100000008717341100,terminal,1.0,22,0.255577,Гипотеза terminal: наблюдаемый выход/вход 0.000 ≤ 0.2; вход 14627.00 KZT; вне границы обхода.
100000008717375100,terminal,1.0,2,0.376461,Гипотеза terminal: наблюдаемый выход/вход 0.000 ≤ 0.2; вход 29506.00 KZT; вне границы обхода.
100000008717802100,terminal,1.0,22,0.265833,Гипотеза terminal: наблюдаемый выход/вход 0.000 ≤ 0.2; вход 26150.00 KZT; вне границы обхода.
100000008718089100,terminal,1.0,22,0.256639,Гипотеза terminal: наблюдаемый выход/вход 0.000 ≤ 0.2; вход 15534.00 KZT; вне границы обхода.
100000008718811100,terminal,1.0,22,0.284029,Гипотеза terminal: наблюдаемый выход/вход 0.000 ≤ 0.2; вход 73300.00 KZT; вне границы обхода.
100000008720668100,terminal,1.0,22,0.25716,Гипотеза terminal: наблюдаемый выход/вход 0.000 ≤ 0.2; вход 16000.00 KZT; вне границы обхода.
100000008720798100,terminal,1.0,22,0.256639,Гипотеза terminal: наблюдаемый выход/вход 0.000 ≤ 0.2; вход 15534.00 KZT; вне границы обхода.
100000008720856100,peripheral,0.2,10,0.403386,"Гипотеза peripheral: входов 1, выходов 1; вход 18105.00, выход 46000.00 KZT; сильные правила не выполнены."
100000008721637100,peripheral,0.2,41,0.435204,"Гипотеза peripheral: входов 1, выходов 2; вход 24041.00, выход 127000.00 KZT; сильные правила не выполнены."
100000008722328100,terminal,1.0,22,0.264079,Гипотеза terminal: наблюдаемый выход/вход 0.000 ≤ 0.2; вход 23677.00 KZT; вне границы обхода.
100000008722417100,peripheral,0.2,10,0.480529,"Гипотеза peripheral: входов 1, выходов 3; вход 331900.00, выход 720000.00 KZT; сильные правила не выполнены."
100000008722541100,peripheral,0.2,10,0.40769,"Гипотеза peripheral: входов 1, выходов 0; вход 280000.00, выход 0.00 KZT; сильные правила не выполнены."
100000008723830100,transit,0.989593,16,0.465363,"Гипотеза transit: входов 2, выходов 1; наблюдаемый выход/вход 0.990; вход 459785.00 KZT."
100000008724279100,terminal,1.0,16,0.35171,Гипотеза terminal: наблюдаемый выход/вход 0.000 ≤ 0.2; вход 11750.00 KZT; вне границы обхода.
100000008724461100,peripheral,0.2,4,0.442046,"Гипотеза peripheral: входов 1, выходов 1; вход 100111.00, выход 130000.00 KZT; сильные правила не выполнены."
100000008727982100,peripheral,0.2,41,0.268258,"Гипотеза peripheral: входов 1, выходов 0; вход 30000.00, выход 0.00 KZT; сильные правила не выполнены."
100000008728457100,terminal,1.0,11,0.383912,Гипотеза terminal: наблюдаемый выход/вход 0.000 ≤ 0.2; вход 45000.00 KZT; вне границы обхода.
100000008729597100,terminal,1.0,8,0.386242,Гипотеза terminal: наблюдаемый выход/вход 0.000 ≤ 0.2; вход 83090.00 KZT; вне границы обхода.
100000008729801100,terminal,1.0,22,0.258777,Гипотеза terminal: наблюдаемый выход/вход 0.000 ≤ 0.2; вход 17534.00 KZT; вне границы обхода.
100000008730021100,terminal,1.0,3,0.313812,Гипотеза terminal: наблюдаемый выход/вход 0.000 ≤ 0.2; вход 75555.00 KZT; вне границы обхода.
100000008730238100,peripheral,0.2,4,0.400166,"Гипотеза peripheral: входов 1, выходов 0; вход 113000.00, выход 0.00 KZT; сильные правила не выполнены."
100000008730371100,terminal,1.0,0,0.439829,Гипотеза terminal: наблюдаемый выход/вход 0.000 ≤ 0.2; вход 520000.00 KZT; вне границы обхода.
100000008730846100,coordinator,0.92,11,0.519319,"Гипотеза coordinator: связь с 8 seed по путям; входов 7, выходов 3; посредничество 0.00010."
100000008731444100,coordinator,0.88,0,0.53601,"Гипотеза coordinator: связь с 7 seed по путям; входов 3, выходов 9; посредничество 0.00010."
100000008732098100,terminal,1.0,22,0.2568,Гипотеза terminal: наблюдаемый выход/вход 0.000 ≤ 0.2; вход 15677.00 KZT; вне границы обхода.
100000008732488100,terminal,0.817518,8,0.418038,Гипотеза terminal: наблюдаемый выход/вход 0.073 ≤ 0.2; вход 137000.00 KZT; вне границы обхода.
100000008733049100,terminal,1.0,3,0.348863,Гипотеза terminal: наблюдаемый выход/вход 0.000 ≤ 0.2; вход 10000.00 KZT; вне границы обхода.
100000008733194100,coordinator,0.88,12,0.517933,"Гипотеза coordinator: связь с 7 seed по путям; входов 4, выходов 8; посредничество 0.00019."
100000008734279100,peripheral,0.2,8,0.369203,"Гипотеза peripheral: входов 1, выходов 0; вход 31650.00, выход 0.00 KZT; сильные правила не выполнены."
100000008734364100,terminal,1.0,22,0.265867,Гипотеза terminal: наблюдаемый выход/вход 0.000 ≤ 0.2; вход 26200.00 KZT; вне границы обхода.
100000008735384100,terminal,1.0,22,0.272989,Гипотеза terminal: наблюдаемый выход/вход 0.000 ≤ 0.2; вход 39220.00 KZT; вне границы обхода.
100000008735802100,peripheral,0.2,0,0.386643,"Гипотеза peripheral: входов 1, выходов 0; вход 85000.00, выход 0.00 KZT; сильные правила не выполнены."
100000008735832100,terminal,1.0,22,0.258843,Гипотеза terminal: наблюдаемый выход/вход 0.000 ≤ 0.2; вход 17600.00 KZT; вне границы обхода.
100000008736173100,terminal,1.0,22,0.268871,Гипотеза terminal: наблюдаемый выход/вход 0.000 ≤ 0.2; вход 31060.00 KZT; вне границы обхода.
100000008736394100,terminal,1.0,22,0.25716,Гипотеза terminal: наблюдаемый выход/вход 0.000 ≤ 0.2; вход 16000.00 KZT; вне границы обхода.
100000008736760100,terminal,1.0,22,0.27888,Гипотеза terminal: наблюдаемый выход/вход 0.000 ≤ 0.2; вход 54757.00 KZT; вне границы обхода.
100000008736940100,peripheral,0.2,9,0.387628,"Гипотеза peripheral: входов 3, выходов 3; вход 451090.00, выход 182100.00 KZT; сильные правила не выполнены."
100000008737422100,terminal,1.0,22,0.284876,Гипотеза terminal: наблюдаемый выход/вход 0.000 ≤ 0.2; вход 76903.00 KZT; вне границы обхода.
100000008737514100,terminal,1.0,3,0.386643,Гипотеза terminal: наблюдаемый выход/вход 0.000 ≤ 0.2; вход 85000.00 KZT; вне границы обхода.
100000008737958100,terminal,1.0,22,0.299638,Гипотеза terminal: наблюдаемый выход/вход 0.000 ≤ 0.2; вход 53373.00 KZT; вне границы обхода.
100000008738325100,peripheral,0.2,49,0.30897,"Гипотеза peripheral: входов 1, выходов 1; вход 36550.00, выход 54000.00 KZT; сильные правила не выполнены."
100000008738526100,peripheral,0.2,46,0.42747,"Гипотеза peripheral: входов 1, выходов 1; вход 15000.00, выход 140000.00 KZT; сильные правила не выполнены."
100000008738658100,terminal,1.0,22,0.26821,Гипотеза terminal: наблюдаемый выход/вход 0.000 ≤ 0.2; вход 29920.00 KZT; вне границы обхода.
100000008739887100,peripheral,0.2,8,0.467611,"Гипотеза peripheral: входов 2, выходов 2; вход 214000.00, выход 307000.00 KZT; сильные правила не выполнены."
100000008740295100,peripheral,0.2,4,0.417404,"Гипотеза peripheral: входов 1, выходов 0; вход 300000.00, выход 0.00 KZT; сильные правила не выполнены."
100000008740793100,terminal,1.0,22,0.261961,Гипотеза terminal: наблюдаемый выход/вход 0.000 ≤ 0.2; вход 21000.00 KZT; вне границы обхода.
100000008741372100,terminal,1.0,22,0.271464,Гипотеза terminal: наблюдаемый выход/вход 0.000 ≤ 0.2; вход 35975.00 KZT; вне границы обхода.
100000008742053100,distributor,0.8,24,0.561267,Гипотеза distributor: выход к 12 получателям при 1 плательщиках; выход 2789000.00 KZT.
100000008742266100,terminal,1.0,22,0.261961,Гипотеза terminal: наблюдаемый выход/вход 0.000 ≤ 0.2; вход 21000.00 KZT; вне границы обхода.
100000008743913100,coordinator,0.96,46,0.577392,"Гипотеза coordinator: связь с 9 seed по путям; входов 3, выходов 13; посредничество 0.00024."
100000008744364100,terminal,1.0,22,0.264096,Гипотеза terminal: наблюдаемый выход/вход 0.000 ≤ 0.2; вход 23700.00 KZT; вне границы обхода.
100000008744799100,terminal,1.0,22,0.252943,Гипотеза terminal: наблюдаемый выход/вход 0.000 ≤ 0.2; вход 12600.00 KZT; вне границы обхода.
100000008744849100,terminal,1.0,22,0.275196,Гипотеза terminal: наблюдаемый выход/вход 0.000 ≤ 0.2; вход 44445.00 KZT; вне границы обхода.
100000008745474100,terminal,1.0,22,0.273581,Гипотеза terminal: наблюдаемый выход/вход 0.000 ≤ 0.2; вход 40559.00 KZT; вне границы обхода.
100000008745489100,terminal,1.0,22,0.27913,Гипотеза terminal: наблюдаемый выход/вход 0.000 ≤ 0.2; вход 55539.00 KZT; вне границы обхода.
100000008745643100,terminal,1.0,22,0.261374,Гипотеза terminal: наблюдаемый выход/вход 0.000 ≤ 0.2; вход 20313.00 KZT; вне границы обхода.
100000008745676100,peripheral,0.2,22,0.270749,"Гипотеза peripheral: входов 1, выходов 0; вход 34547.00, выход 0.00 KZT; сильные правила не выполнены."
100000008745725100,terminal,1.0,22,0.276206,Гипотеза terminal: наблюдаемый выход/вход 0.000 ≤ 0.2; вход 47060.00 KZT; вне границы обхода.
100000008745863100,terminal,1.0,22,0.26349,Гипотеза terminal: наблюдаемый выход/вход 0.000 ≤ 0.2; вход 22900.00 KZT; вне границы обхода.
100000008745884100,terminal,1.0,22,0.2611,Гипотеза terminal: наблюдаемый выход/вход 0.000 ≤ 0.2; вход 20000.00 KZT; вне границы обхода.
100000008746025100,terminal,1.0,22,0.262782,Гипотеза terminal: наблюдаемый выход/вход 0.000 ≤ 0.2; вход 22000.00 KZT; вне границы обхода.
100000008746449100,distributor,0.75,4,0.536657,Гипотеза distributor: выход к 10 получателям при 1 плательщиках; выход 1009000.00 KZT.
100000008746673100,terminal,1.0,22,0.27832,Гипотеза terminal: наблюдаемый выход/вход 0.000 ≤ 0.2; вход 53048.00 KZT; вне границы обхода.
100000008747113100,terminal,1.0,10,0.445736,Гипотеза terminal: наблюдаемый выход/вход 0.000 ≤ 0.2; вход 197801.00 KZT; вне границы обхода.
100000008748408100,distributor,1.0,41,0.46888,Гипотеза distributor: выход к 21 получателям при 1 плательщиках; выход 1499960.00 KZT.
100000008748795100,terminal,1.0,0,0.376205,Гипотеза terminal: наблюдаемый выход/вход 0.000 ≤ 0.2; вход 47057.00 KZT; вне границы обхода.
100000008748914100,distributor,0.825,2,0.632066,Гипотеза distributor: выход к 13 получателям при 2 плательщиках; выход 4471847.00 KZT.
100000008749063100,terminal,1.0,22,0.260194,Гипотеза terminal: наблюдаемый выход/вход 0.000 ≤ 0.2; вход 19000.00 KZT; вне границы обхода.
100000008749405100,terminal,1.0,22,0.272031,Гипотеза terminal: наблюдаемый выход/вход 0.000 ≤ 0.2; вход 37150.00 KZT; вне границы обхода.
100000008749406100,terminal,1.0,22,0.25838,Гипотеза terminal: наблюдаемый выход/вход 0.000 ≤ 0.2; вход 17144.00 KZT; вне границы обхода.
100000008749618100,terminal,1.0,22,0.276288,Гипотеза terminal: наблюдаемый выход/вход 0.000 ≤ 0.2; вход 47280.00 KZT; вне границы обхода.
100000008749900100,terminal,1.0,22,0.258386,Гипотеза terminal: наблюдаемый выход/вход 0.000 ≤ 0.2; вход 17150.00 KZT; вне границы обхода.
100000008749989100,terminal,1.0,22,0.25716,Гипотеза terminal: наблюдаемый выход/вход 0.000 ≤ 0.2; вход 16000.00 KZT; вне границы обхода.
100000008750464100,terminal,1.0,22,0.245995,Гипотеза terminal: наблюдаемый выход/вход 0.000 ≤ 0.2; вход 8500.00 KZT; вне границы обхода.
100000008751349100,terminal,1.0,14,0.351529,Гипотеза terminal: наблюдаемый выход/вход 0.000 ≤ 0.2; вход 11630.00 KZT; вне границы обхода.
100000008751380100,terminal,1.0,4,0.448722,Гипотеза terminal: наблюдаемый выход/вход 0.000 ≤ 0.2; вход 345780.00 KZT; вне границы обхода.
100000008751429100,consolidator,0.65,9,0.36434,Гипотеза consolidator: вход от 3 плательщиков; 1 получателей; вход 386200.00 KZT.
100000008752616100,distributor,0.675,4,0.539274,Гипотеза distributor: выход к 7 получателям при 2 плательщиках; выход 1265000.00 KZT.
100000008753061100,terminal,1.0,22,0.26729,Гипотеза terminal: наблюдаемый выход/вход 0.000 ≤ 0.2; вход 28400.00 KZT; вне границы обхода.
100000008753193100,terminal,1.0,22,0.271092,Гипотеза terminal: наблюдаемый выход/вход 0.000 ≤ 0.2; вход 35225.00 KZT; вне границы обхода.
100000008753897100,terminal,1.0,22,0.264355,Гипотеза terminal: наблюдаемый выход/вход 0.000 ≤ 0.2; вход 24050.00 KZT; вне границы обхода.
100000008754608100,terminal,1.0,22,0.252518,Гипотеза terminal: наблюдаемый выход/вход 0.000 ≤ 0.2; вход 12300.00 KZT; вне границы обхода.
100000008754747100,terminal,1.0,22,0.275611,Гипотеза terminal: наблюдаемый выход/вход 0.000 ≤ 0.2; вход 45500.00 KZT; вне границы обхода.
100000008754997100,terminal,1.0,22,0.25924,Гипотеза terminal: наблюдаемый выход/вход 0.000 ≤ 0.2; вход 18000.00 KZT; вне границы обхода.
100000008755168100,terminal,1.0,22,0.258843,Гипотеза terminal: наблюдаемый выход/вход 0.000 ≤ 0.2; вход 17600.00 KZT; вне границы обхода.
100000008755361100,terminal,1.0,22,0.255577,Гипотеза terminal: наблюдаемый выход/вход 0.000 ≤ 0.2; вход 14627.00 KZT; вне границы обхода.
100000008755580100,terminal,1.0,22,0.25716,Гипотеза terminal: наблюдаемый выход/вход 0.000 ≤ 0.2; вход 16000.00 KZT; вне границы обхода.
100000008755754100,terminal,1.0,24,0.242567,Гипотеза terminal: наблюдаемый выход/вход 0.000 ≤ 0.2; вход 7000.00 KZT; вне границы обхода.
100000008757301100,peripheral,0.2,0,0.380017,"Гипотеза peripheral: входов 1, выходов 0; вход 58398.00, выход 0.00 KZT; сильные правила не выполнены."
100000008757369100,peripheral,0.2,0,0.408234,"Гипотеза peripheral: входов 1, выходов 1; вход 25961.00, выход 58398.00 KZT; сильные правила не выполнены."
100000008758106100,peripheral,0.2,4,0.35736,"Гипотеза peripheral: входов 1, выходов 0; вход 10000.00, выход 0.00 KZT; сильные правила не выполнены."
100000008758168100,distributor,0.625,46,0.528371,Гипотеза distributor: выход к 5 получателям при 2 плательщиках; выход 1533600.00 KZT.
100000008758607100,peripheral,0.2,4,0.345124,"Гипотеза peripheral: входов 1, выходов 0; вход 5000.00, выход 0.00 KZT; сильные правила не выполнены."
100000008759795100,peripheral,0.2,47,0.258231,"Гипотеза peripheral: входов 1, выходов 0; вход 17000.00, выход 0.00 KZT; сильные правила не выполнены."
100000008759857100,peripheral,0.2,46,0.482546,"Гипотеза peripheral: входов 1, выходов 2; вход 5000.00, выход 994000.00 KZT; сильные правила не выполнены."
100000008760098100,peripheral,0.2,46,0.451206,"Гипотеза peripheral: входов 1, выходов 1; вход 7000.00, выход 390000.00 KZT; сильные правила не выполнены."
100000008761132100,peripheral,0.2,4,0.35736,"Гипотеза peripheral: входов 1, выходов 0; вход 10000.00, выход 0.00 KZT; сильные правила не выполнены."
100000008761219100,peripheral,0.2,60,0.480035,"Гипотеза peripheral: входов 2, выходов 2; вход 50000.00, выход 375000.00 KZT; сильные правила не выполнены."
100000008761220100,peripheral,0.2,4,0.35736,"Гипотеза peripheral: входов 1, выходов 0; вход 10000.00, выход 0.00 KZT; сильные правила не выполнены."
100000008762005100,peripheral,0.2,4,0.345124,"Гипотеза peripheral: входов 1, выходов 0; вход 5000.00, выход 0.00 KZT; сильные правила не выполнены."
100000008762728100,terminal,1.0,16,0.358258,Гипотеза terminal: наблюдаемый выход/вход 0.000 ≤ 0.2; вход 17026.00 KZT; вне границы обхода.
100000008762832100,peripheral,0.2,2,0.325807,"Гипотеза peripheral: входов 1, выходов 1; вход 150000.00, выход 85000.00 KZT; сильные правила не выполнены."
100000008762843100,peripheral,0.2,4,0.351064,"Гипотеза peripheral: входов 1, выходов 0; вход 7000.00, выход 0.00 KZT; сильные правила не выполнены."
100000008762885100,peripheral,0.2,4,0.351064,"Гипотеза peripheral: входов 1, выходов 0; вход 7000.00, выход 0.00 KZT; сильные правила не выполнены."
100000008763688100,terminal,1.0,22,0.261961,Гипотеза terminal: наблюдаемый выход/вход 0.000 ≤ 0.2; вход 21000.00 KZT; вне границы обхода.
100000008764436100,terminal,1.0,22,0.25363,Гипотеза terminal: наблюдаемый выход/вход 0.000 ≤ 0.2; вход 13100.00 KZT; вне границы обхода.
100000008764654100,terminal,1.0,22,0.265833,Гипотеза terminal: наблюдаемый выход/вход 0.000 ≤ 0.2; вход 26150.00 KZT; вне границы обхода.
100000008765494100,terminal,1.0,22,0.264318,Гипотеза terminal: наблюдаемый выход/вход 0.000 ≤ 0.2; вход 24000.00 KZT; вне границы обхода.
100000008765627100,terminal,1.0,41,0.280494,Гипотеза terminal: наблюдаемый выход/вход 0.000 ≤ 0.2; вход 60000.00 KZT; вне границы обхода.
100000008766031100,peripheral,0.2,4,0.345124,"Гипотеза peripheral: входов 1, выходов 0; вход 5000.00, выход 0.00 KZT; сильные правила не выполнены."
100000008766764100,peripheral,0.2,4,0.345124,"Гипотеза peripheral: входов 1, выходов 0; вход 5000.00, выход 0.00 KZT; сильные правила не выполнены."
100000008767027100,terminal,1.0,46,0.352725,Гипотеза terminal: наблюдаемый выход/вход 0.000 ≤ 0.2; вход 5000.00 KZT; вне границы обхода.
100000008767065100,terminal,1.0,46,0.36496,Гипотеза terminal: наблюдаемый выход/вход 0.000 ≤ 0.2; вход 10000.00 KZT; вне границы обхода.
100000008767925100,terminal,1.0,22,0.25838,Гипотеза terminal: наблюдаемый выход/вход 0.000 ≤ 0.2; вход 17144.00 KZT; вне границы обхода.
100000008767950100,terminal,1.0,22,0.25859,Гипотеза terminal: наблюдаемый выход/вход 0.000 ≤ 0.2; вход 17350.00 KZT; вне границы обхода.
100000008768896100,terminal,1.0,22,0.276206,Гипотеза terminal: наблюдаемый выход/вход 0.000 ≤ 0.2; вход 47060.00 KZT; вне границы обхода.
100000008769097100,terminal,1.0,22,0.268893,Гипотеза terminal: наблюдаемый выход/вход 0.000 ≤ 0.2; вход 31100.00 KZT; вне границы обхода.
100000008769636100,terminal,1.0,22,0.263657,Гипотеза terminal: наблюдаемый выход/вход 0.000 ≤ 0.2; вход 23118.00 KZT; вне границы обхода.
100000008770483100,peripheral,0.2,60,0.352725,"Гипотеза peripheral: входов 1, выходов 0; вход 5000.00, выход 0.00 KZT; сильные правила не выполнены."
100000008771627100,terminal,1.0,22,0.257704,Гипотеза terminal: наблюдаемый выход/вход 0.000 ≤ 0.2; вход 16500.00 KZT; вне границы обхода.
100000008771814100,terminal,1.0,22,0.264096,Гипотеза terminal: наблюдаемый выход/вход 0.000 ≤ 0.2; вход 23700.00 KZT; вне границы обхода.
100000008771819100,terminal,1.0,22,0.272844,Гипотеза terminal: наблюдаемый выход/вход 0.000 ≤ 0.2; вход 38900.00 KZT; вне границы обхода.
100000008772058100,terminal,1.0,22,0.277276,Гипотеза terminal: наблюдаемый выход/вход 0.000 ≤ 0.2; вход 50000.00 KZT; вне границы обхода.
100000008772246100,terminal,1.0,22,0.275218,Гипотеза terminal: наблюдаемый выход/вход 0.000 ≤ 0.2; вход 44500.00 KZT; вне границы обхода.
100000008773876100,terminal,1.0,22,0.265813,Гипотеза terminal: наблюдаемый выход/вход 0.000 ≤ 0.2; вход 26120.00 KZT; вне границы обхода.
100000008774237100,terminal,0.5,34,0.301705,Гипотеза terminal: наблюдаемый выход/вход 0.200 ≤ 0.2; вход 50000.00 KZT; вне границы обхода.
100000008775471100,terminal,1.0,46,0.429042,Гипотеза terminal: наблюдаемый выход/вход 0.000 ≤ 0.2; вход 580000.00 KZT; вне границы обхода.
100000008775747100,peripheral,0.2,4,0.345124,"Гипотеза peripheral: входов 1, выходов 0; вход 5000.00, выход 0.00 KZT; сильные правила не выполнены."
100000008776298100,terminal,1.0,22,0.274531,Гипотеза terminal: наблюдаемый выход/вход 0.000 ≤ 0.2; вход 42800.00 KZT; вне границы обхода.
100000008776310100,terminal,1.0,22,0.260379,Гипотеза terminal: наблюдаемый выход/вход 0.000 ≤ 0.2; вход 19200.00 KZT; вне границы обхода.
100000008776420100,terminal,1.0,22,0.283089,Гипотеза terminal: наблюдаемый выход/вход 0.000 ≤ 0.2; вход 69500.00 KZT; вне границы обхода.
100000008776576100,terminal,1.0,22,0.255742,Гипотеза terminal: наблюдаемый выход/вход 0.000 ≤ 0.2; вход 14765.00 KZT; вне границы обхода.
100000008776720100,terminal,1.0,22,0.265833,Гипотеза terminal: наблюдаемый выход/вход 0.000 ≤ 0.2; вход 26150.00 KZT; вне границы обхода.
100000008777088100,terminal,1.0,22,0.25924,Гипотеза terminal: наблюдаемый выход/вход 0.000 ≤ 0.2; вход 18000.00 KZT; вне границы обхода.
100000008778010100,peripheral,0.2,22,0.284887,"Гипотеза peripheral: входов 1, выходов 0; вход 76950.00, выход 0.00 KZT; сильные правила не выполнены."
100000008778753100,peripheral,0.2,13,0.348863,"Гипотеза peripheral: входов 1, выходов 0; вход 10000.00, выход 0.00 KZT; сильные правила не выполнены."
100000008779584100,terminal,1.0,22,0.269063,Гипотеза terminal: наблюдаемый выход/вход 0.000 ≤ 0.2; вход 31400.00 KZT; вне границы обхода.
100000008782056100,terminal,1.0,22,0.267709,Гипотеза terminal: наблюдаемый выход/вход 0.000 ≤ 0.2; вход 29082.00 KZT; вне границы обхода.
100000008782421100,terminal,1.0,22,0.277162,Гипотеза terminal: наблюдаемый выход/вход 0.000 ≤ 0.2; вход 49680.00 KZT; вне границы обхода.
100000008782800100,terminal,1.0,22,0.274769,Гипотеза terminal: наблюдаемый выход/вход 0.000 ≤ 0.2; вход 43381.00 KZT; вне границы обхода.
